-8.0E-01,-2.5600E-02
-7.9960E-01,-1.600E-02
-7.9920E-01,3.2000E-03
-7.9880E-01,1.900E-02
-7.9840E-01,2.5400E-02
-7.980E-01,2.5400E-02
-7.9760E-01,2.5400E-02
-7.9720E-01,1.8400E-02
-7.9680E-01,4.8000E-03
-7.9640E-01,-8.2000E-03
-7.960E-01,-1.6800E-02
-7.9560E-01,-1.7400E-02
-7.9520E-01,-1.1600E-02
-7.9480E-01,0E+00
-7.9440E-01,1.3600E-02
-7.940E-01,2.5400E-02
-7.9360E-01,2.5400E-02
-7.9320E-01,2.5400E-02
-7.9280E-01,2.2600E-02
-7.9240E-01,8.2000E-03
-7.920E-01,-7.000E-03
-7.9160E-01,-2.0200E-02
-7.9120E-01,-2.5600E-02
-7.9080E-01,-2.5600E-02
-7.9040E-01,-2.5600E-02
-7.90E-01,-2.2800E-02
-7.8960E-01,-1.200E-02
-7.8920E-01,-1.8000E-03
-7.8880E-01,6.6000E-03
-7.8840E-01,1.0600E-02
-7.880E-01,1.0800E-02
-7.8760E-01,8.4000E-03
-7.8720E-01,4.8000E-03
-7.8680E-01,1.2000E-03
-7.8640E-01,2.0000E-04
-7.860E-01,3.4000E-03
-7.8560E-01,8.4000E-03
-7.8520E-01,1.3600E-02
-7.8480E-01,1.700E-02
-7.8440E-01,1.6600E-02
-7.840E-01,1.3400E-02
-7.8360E-01,8.8000E-03
-7.8320E-01,2.4000E-03
-7.8280E-01,-3.2000E-03
-7.8240E-01,-8.000E-03
-7.820E-01,-1.0200E-02
-7.8160E-01,-9.4000E-03
-7.8120E-01,-4.8000E-03
-7.8080E-01,-6.0000E-04
-7.8040E-01,8.0000E-04
-7.80E-01,-2.0000E-04
-7.7960E-01,-4.8000E-03
-7.7920E-01,-1.0200E-02
-7.7880E-01,-1.9800E-02
-7.7840E-01,-1.9800E-02
-7.780E-01,-2.0400E-02
-7.7760E-01,-1.6600E-02
-7.7720E-01,-7.2000E-03
-7.7680E-01,5.2000E-03
-7.7640E-01,1.7600E-02
-7.760E-01,2.5400E-02
-7.7560E-01,2.5400E-02
-7.7520E-01,2.5400E-02
-7.7480E-01,2.2200E-02
-7.7440E-01,1.1600E-02
-7.740E-01,8.0000E-04
-7.7360E-01,-9.2000E-03
-7.7320E-01,-1.6200E-02
-7.7280E-01,-1.5200E-02
-7.7240E-01,-1.100E-02
-7.720E-01,-1.8000E-03
-7.7160E-01,7.6000E-03
-7.7120E-01,1.300E-02
-7.7080E-01,1.4200E-02
-7.7040E-01,9.6000E-03
-7.70E-01,8.0000E-04
-7.6960E-01,-9.6000E-03
-7.6920E-01,-1.9600E-02
-7.6880E-01,-2.5600E-02
-7.6840E-01,-2.5600E-02
-7.680E-01,-2.3200E-02
-7.6760E-01,-1.3200E-02
-7.6720E-01,4.0000E-04
-7.6680E-01,1.200E-02
-7.6640E-01,2.100E-02
-7.660E-01,2.400E-02
-7.6560E-01,2.2400E-02
-7.6520E-01,1.6600E-02
-7.6480E-01,9.2000E-03
-7.6440E-01,8.0000E-04
-7.640E-01,-4.6000E-03
-7.6360E-01,-5.8000E-03
-7.6320E-01,-4.000E-03
-7.6280E-01,2.8000E-03
-7.6240E-01,8.000E-03
-7.620E-01,1.100E-02
-7.6160E-01,1.100E-02
-7.6120E-01,6.8000E-03
-7.6080E-01,4.0000E-04
-7.6040E-01,-6.8000E-03
-7.60E-01,-1.4400E-02
-7.5960E-01,-1.900E-02
-7.5920E-01,-1.8800E-02
-7.5880E-01,-1.6600E-02
-7.5840E-01,-9.2000E-03
-7.580E-01,-1.000E-03
-7.5760E-01,5.2000E-03
-7.5720E-01,8.2000E-03
-7.5680E-01,8.000E-03
-7.5640E-01,5.000E-03
-7.560E-01,1.4000E-03
-7.5560E-01,-2.4000E-03
-7.5520E-01,-4.4000E-03
-7.5480E-01,-3.4000E-03
-7.5440E-01,8.0000E-04
-7.540E-01,8.4000E-03
-7.5360E-01,1.5400E-02
-7.5320E-01,2.0800E-02
-7.5280E-01,2.1200E-02
-7.5240E-01,1.6800E-02
-7.520E-01,9.2000E-03
-7.5160E-01,0E+00
-7.5120E-01,-1.0200E-02
-7.5080E-01,-1.7200E-02
-7.5040E-01,-2.0400E-02
-7.50E-01,-1.9200E-02
-7.4960E-01,-1.2800E-02
-7.4920E-01,-4.4000E-03
-7.4880E-01,3.6000E-03
-7.4840E-01,8.4000E-03
-7.480E-01,1.00E-02
-7.4760E-01,6.6000E-03
-7.4720E-01,0E+00
-7.4680E-01,-6.2000E-03
-7.4640E-01,-1.100E-02
-7.460E-01,-1.4800E-02
-7.4560E-01,-1.2800E-02
-7.4520E-01,-7.2000E-03
-7.4480E-01,3.8000E-03
-7.4440E-01,1.4200E-02
-7.440E-01,2.0800E-02
-7.4360E-01,2.400E-02
-7.4320E-01,1.9800E-02
-7.4280E-01,1.5200E-02
-7.4240E-01,6.4000E-03
-7.420E-01,-3.8000E-03
-7.4160E-01,-1.0800E-02
-7.4120E-01,-1.4800E-02
-7.4080E-01,-1.4800E-02
-7.4040E-01,-9.2000E-03
-7.40E-01,-1.4000E-03
-7.3960E-01,4.2000E-03
-7.3920E-01,7.6000E-03
-7.3880E-01,7.000E-03
-7.3840E-01,2.6000E-03
-7.380E-01,-3.2000E-03
-7.3760E-01,-9.2000E-03
-7.3720E-01,-1.3800E-02
-7.3680E-01,-1.600E-02
-7.3640E-01,-1.3200E-02
-7.360E-01,-6.2000E-03
-7.3560E-01,2.8000E-03
-7.3520E-01,1.200E-02
-7.3480E-01,1.7400E-02
-7.3440E-01,1.9200E-02
-7.340E-01,1.5600E-02
-7.3360E-01,1.0400E-02
-7.3320E-01,3.2000E-03
-7.3280E-01,-3.6000E-03
-7.3240E-01,-8.6000E-03
-7.320E-01,-9.2000E-03
-7.3160E-01,-5.6000E-03
-7.3120E-01,8.0000E-04
-7.3080E-01,7.8000E-03
-7.3040E-01,1.2800E-02
-7.30E-01,1.2400E-02
-7.2960E-01,8.6000E-03
-7.2920E-01,8.0000E-04
-7.2880E-01,-6.6000E-03
-7.2840E-01,-1.4400E-02
-7.280E-01,-1.9800E-02
-7.2760E-01,-2.0400E-02
-7.2720E-01,-8.8000E-03
-7.2680E-01,-8.8000E-03
-7.2640E-01,1.6000E-03
-7.260E-01,1.1200E-02
-7.2560E-01,1.6600E-02
-7.2520E-01,1.7400E-02
-7.2480E-01,1.3800E-02
-7.2440E-01,7.2000E-03
-7.240E-01,0E+00
-7.2360E-01,-6.000E-03
-7.2320E-01,-9.6000E-03
-7.2280E-01,-8.8000E-03
-7.2240E-01,-4.000E-03
-7.220E-01,3.2000E-03
-7.2160E-01,1.1200E-02
-7.2120E-01,1.600E-02
-7.2080E-01,1.6400E-02
-7.2040E-01,1.2400E-02
-7.20E-01,5.6000E-03
-7.1960E-01,-3.2000E-03
-7.1920E-01,-1.0600E-02
-7.1880E-01,-1.6400E-02
-7.1840E-01,-1.8800E-02
-7.180E-01,-1.5600E-02
-7.1760E-01,-9.4000E-03
-7.1720E-01,-4.0000E-04
-7.1680E-01,6.8000E-03
-7.1640E-01,1.0200E-02
-7.160E-01,1.00E-02
-7.1560E-01,6.6000E-03
-7.1520E-01,1.6000E-03
-7.1480E-01,-3.4000E-03
-7.1440E-01,-7.4000E-03
-7.140E-01,-8.8000E-03
-7.1360E-01,-6.000E-03
-7.1320E-01,0E+00
-7.1280E-01,7.8000E-03
-7.1240E-01,1.4600E-02
-7.120E-01,1.7400E-02
-7.1160E-01,1.600E-02
-7.1120E-01,1.0800E-02
-7.1080E-01,3.4000E-03
-7.1040E-01,-4.000E-03
-7.10E-01,-1.0800E-02
-7.0960E-01,-1.4200E-02
-7.0920E-01,-1.400E-02
-7.0880E-01,-9.4000E-03
-7.0840E-01,-2.000E-03
-7.080E-01,4.6000E-03
-7.0760E-01,9.4000E-03
-7.0720E-01,1.00E-02
-7.0680E-01,7.2000E-03
-7.0640E-01,8.0000E-04
-7.060E-01,-5.2000E-03
-7.0560E-01,-1.1800E-02
-7.0520E-01,-1.4400E-02
-7.0480E-01,-1.3600E-02
-7.0440E-01,-8.2000E-03
-7.040E-01,2.0000E-04
-7.0360E-01,1.0200E-02
-7.0320E-01,1.7400E-02
-7.0280E-01,2.0600E-02
-7.0240E-01,1.900E-02
-7.020E-01,1.2800E-02
-7.0160E-01,5.000E-03
-7.0120E-01,-3.6000E-03
-7.0080E-01,-1.0400E-02
-7.0040E-01,-1.400E-02
-7.0E-01,-1.3400E-02
-6.9960E-01,-5.8000E-03
-6.9920E-01,0E+00
-6.9880E-01,7.2000E-03
-6.9840E-01,1.1200E-02
-6.980E-01,1.2600E-02
-6.9760E-01,8.000E-03
-6.9720E-01,1.6000E-03
-6.9680E-01,-6.2000E-03
-6.9640E-01,-1.300E-02
-6.960E-01,-1.600E-02
-6.9560E-01,-1.600E-02
-6.9520E-01,-1.1200E-02
-6.9480E-01,-2.4000E-03
-6.9440E-01,6.000E-03
-6.940E-01,1.300E-02
-6.9360E-01,1.600E-02
-6.9320E-01,1.3600E-02
-6.9280E-01,1.00E-02
-6.9240E-01,3.8000E-03
-6.920E-01,-2.000E-03
-6.9160E-01,-7.2000E-03
-6.9120E-01,-8.8000E-03
-6.9080E-01,-7.000E-03
-6.9040E-01,-2.2000E-03
-6.90E-01,4.2000E-03
-6.8960E-01,1.00E-02
-6.8920E-01,1.200E-02
-6.8880E-01,1.00E-02
-6.8840E-01,5.2000E-03
-6.880E-01,-1.000E-03
-6.8760E-01,-8.000E-03
-6.8720E-01,-1.3200E-02
-6.8680E-01,-1.4800E-02
-6.8640E-01,-1.3200E-02
-6.860E-01,-7.4000E-03
-6.8560E-01,6.0000E-04
-6.8520E-01,8.000E-03
-6.8480E-01,1.1600E-02
-6.8440E-01,1.2200E-02
-6.840E-01,9.6000E-03
-6.8360E-01,3.6000E-03
-6.8320E-01,-2.4000E-03
-6.8280E-01,-7.000E-03
-6.8240E-01,-9.6000E-03
-6.820E-01,-9.4000E-03
-6.8160E-01,-4.4000E-03
-6.8120E-01,2.8000E-03
-6.8080E-01,1.0800E-02
-6.8040E-01,1.5200E-02
-6.80E-01,1.6200E-02
-6.7960E-01,1.200E-02
-6.7920E-01,5.6000E-03
-6.7880E-01,-2.000E-03
-6.7840E-01,-9.4000E-03
-6.780E-01,-1.400E-02
-6.7760E-01,-1.5800E-02
-6.7720E-01,-1.2400E-02
-6.7680E-01,-6.4000E-03
-6.7640E-01,2.000E-03
-6.760E-01,8.8000E-03
-6.7560E-01,1.2200E-02
-6.7520E-01,1.1800E-02
-6.7480E-01,7.4000E-03
-6.7440E-01,-4.2000E-03
-6.740E-01,-4.2000E-03
-6.7360E-01,-1.0400E-02
-6.7320E-01,-1.2200E-02
-6.7280E-01,-1.0400E-02
-6.7240E-01,-4.6000E-03
-6.720E-01,3.4000E-03
-6.7160E-01,1.0600E-02
-6.7120E-01,1.600E-02
-6.7080E-01,1.6200E-02
-6.7040E-01,1.400E-02
-6.70E-01,6.8000E-03
-6.6960E-01,-8.0000E-04
-6.6920E-01,-6.6000E-03
-6.6880E-01,-1.1600E-02
-6.6840E-01,-1.300E-02
-6.680E-01,-1.00E-02
-6.6760E-01,-3.8000E-03
-6.6720E-01,3.4000E-03
-6.6680E-01,9.000E-03
-6.6640E-01,1.0400E-02
-6.660E-01,8.8000E-03
-6.6560E-01,3.6000E-03
-6.6520E-01,-1.8000E-03
-6.6480E-01,-7.2000E-03
-6.6440E-01,-1.200E-02
-6.640E-01,-1.2400E-02
-6.6360E-01,-9.8000E-03
-6.6320E-01,-2.8000E-03
-6.6280E-01,4.4000E-03
-6.6240E-01,1.1200E-02
-6.620E-01,1.4200E-02
-6.6160E-01,1.3800E-02
-6.6120E-01,9.2000E-03
-6.6080E-01,3.6000E-03
-6.6040E-01,-3.6000E-03
-6.60E-01,-8.4000E-03
-6.5960E-01,-1.0600E-02
-6.5920E-01,-9.2000E-03
-6.5880E-01,-4.4000E-03
-6.5840E-01,1.8000E-03
-6.580E-01,8.4000E-03
-6.5760E-01,1.2400E-02
-6.5720E-01,1.200E-02
-6.5680E-01,7.000E-03
-6.5640E-01,1.2000E-03
-6.560E-01,-6.000E-03
-6.5560E-01,-1.1200E-02
-6.5520E-01,-1.4600E-02
-6.5480E-01,-1.3400E-02
-6.5440E-01,-9.4000E-03
-6.540E-01,-1.6000E-03
-6.5360E-01,6.000E-03
-6.5320E-01,1.2200E-02
-6.5280E-01,1.4400E-02
-6.5240E-01,1.300E-02
-6.520E-01,7.2000E-03
-6.5160E-01,1.8000E-03
-6.5120E-01,-5.000E-03
-6.5080E-01,-9.4000E-03
-6.5040E-01,-1.1400E-02
-6.50E-01,-8.2000E-03
-6.4960E-01,-2.4000E-03
-6.4920E-01,4.6000E-03
-6.4880E-01,1.0800E-02
-6.4840E-01,1.4400E-02
-6.480E-01,1.2600E-02
-6.4760E-01,8.4000E-03
-6.4720E-01,1.4000E-03
-6.4680E-01,-5.2000E-03
-6.4640E-01,-1.1200E-02
-6.460E-01,-1.4800E-02
-6.4560E-01,-1.4400E-02
-6.4520E-01,-9.4000E-03
-6.4480E-01,-1.8000E-03
-6.4440E-01,5.2000E-03
-6.440E-01,1.0400E-02
-6.4360E-01,1.2800E-02
-6.4320E-01,1.00E-02
-6.4280E-01,5.2000E-03
-6.4240E-01,-8.0000E-04
-6.420E-01,-6.4000E-03
-6.4160E-01,-9.4000E-03
-6.4120E-01,-1.00E-02
-6.4080E-01,-6.8000E-03
-6.4040E-01,-4.0000E-04
-6.40E-01,5.4000E-03
-6.3960E-01,1.2400E-02
-6.3920E-01,1.4200E-02
-6.3880E-01,1.200E-02
-6.3840E-01,7.2000E-03
-6.380E-01,4.0000E-04
-6.3760E-01,-5.000E-03
-6.3720E-01,-9.8000E-03
-6.3680E-01,-1.2400E-02
-6.3640E-01,-1.0600E-02
-6.360E-01,-5.4000E-03
-6.3560E-01,1.4000E-03
-6.3520E-01,7.2000E-03
-6.3480E-01,1.0600E-02
-6.3440E-01,1.00E-02
-6.340E-01,6.6000E-03
-6.3360E-01,6.0000E-04
-6.3320E-01,-4.4000E-03
-6.3280E-01,-8.8000E-03
-6.3240E-01,-1.0400E-02
-6.320E-01,-9.2000E-03
-6.3160E-01,-5.2000E-03
-6.3120E-01,2.2000E-03
-6.3080E-01,9.4000E-03
-6.3040E-01,1.3800E-02
-6.30E-01,1.3600E-02
-6.2960E-01,1.100E-02
-6.2920E-01,5.4000E-03
-6.2880E-01,-1.4000E-03
-6.2840E-01,-7.4000E-03
-6.280E-01,-1.0800E-02
-6.2760E-01,-1.1400E-02
-6.2720E-01,-8.4000E-03
-6.2680E-01,-2.2000E-03
-6.2640E-01,4.2000E-03
-6.260E-01,1.0400E-02
-6.2560E-01,1.2400E-02
-6.2520E-01,1.00E-02
-6.2480E-01,5.6000E-03
-6.2440E-01,-2.2000E-03
-6.240E-01,-7.6000E-03
-6.2360E-01,-1.1800E-02
-6.2320E-01,-1.2600E-02
-6.2280E-01,-1.0600E-02
-6.2240E-01,-4.8000E-03
-6.220E-01,3.000E-03
-6.2160E-01,9.6000E-03
-6.2120E-01,1.400E-02
-6.2080E-01,1.0400E-02
-6.2040E-01,1.0400E-02
-6.20E-01,4.4000E-03
-6.1960E-01,-2.2000E-03
-6.1920E-01,-8.000E-03
-6.1880E-01,-1.1400E-02
-6.1840E-01,-1.0600E-02
-6.180E-01,-6.4000E-03
-6.1760E-01,-8.0000E-04
-6.1720E-01,6.2000E-03
-6.1680E-01,1.1200E-02
-6.1640E-01,1.2200E-02
-6.160E-01,1.00E-02
-6.1560E-01,4.8000E-03
-6.1520E-01,-2.000E-03
-6.1480E-01,-8.000E-03
-6.1440E-01,-1.1800E-02
-6.140E-01,-1.2600E-02
-6.1360E-01,-9.8000E-03
-6.1320E-01,-3.6000E-03
-6.1280E-01,3.000E-03
-6.1240E-01,9.000E-03
-6.120E-01,1.2600E-02
-6.1160E-01,1.1200E-02
-6.1120E-01,7.6000E-03
-6.1080E-01,2.000E-03
-6.1040E-01,-4.4000E-03
-6.10E-01,-8.4000E-03
-6.0960E-01,-1.00E-02
-6.0920E-01,-9.2000E-03
-6.0880E-01,-4.000E-03
-6.0840E-01,2.6000E-03
-6.080E-01,9.000E-03
-6.0760E-01,1.2400E-02
-6.0720E-01,1.2200E-02
-6.0680E-01,8.6000E-03
-6.0640E-01,2.4000E-03
-6.060E-01,-3.4000E-03
-6.0560E-01,-8.4000E-03
-6.0520E-01,-1.100E-02
-6.0480E-01,-1.0800E-02
-6.0440E-01,-7.6000E-03
-6.040E-01,-1.2000E-03
-6.0360E-01,5.2000E-03
-6.0320E-01,1.0800E-02
-6.0280E-01,1.1800E-02
-6.0240E-01,8.8000E-03
-6.020E-01,4.6000E-03
-6.0160E-01,-1.2000E-03
-6.0120E-01,-6.8000E-03
-6.0080E-01,-1.0200E-02
-6.0040E-01,-1.1200E-02
-6.0E-01,-7.6000E-03
-5.9960E-01,-1.2000E-03
-5.9920E-01,5.2000E-03
-5.9880E-01,1.0800E-02
-5.9840E-01,1.3400E-02
-5.980E-01,1.3400E-02
-5.9760E-01,7.6000E-03
-5.9720E-01,1.8000E-03
-5.9680E-01,-4.8000E-03
-5.9640E-01,-9.4000E-03
-5.960E-01,-1.1200E-02
-5.9560E-01,-1.00E-02
-5.9520E-01,-6.000E-03
-5.9480E-01,1.000E-03
-5.9440E-01,7.6000E-03
-5.940E-01,1.0800E-02
-5.9360E-01,1.1200E-02
-5.9320E-01,8.6000E-03
-5.9280E-01,2.6000E-03
-5.9240E-01,-3.4000E-03
-5.920E-01,-8.4000E-03
-5.9160E-01,-1.1200E-02
-5.9120E-01,-1.0600E-02
-5.9080E-01,-7.2000E-03
-5.9040E-01,-1.000E-03
-5.90E-01,6.000E-03
-5.8960E-01,1.0600E-02
-5.8920E-01,1.3200E-02
-5.8880E-01,1.0800E-02
-5.8840E-01,6.4000E-03
-5.880E-01,2.0000E-04
-5.8760E-01,-5.4000E-03
-5.8720E-01,-9.4000E-03
-5.8680E-01,-1.0400E-02
-5.8640E-01,-8.6000E-03
-5.860E-01,-4.000E-03
-5.8560E-01,3.2000E-03
-5.8520E-01,8.6000E-03
-5.8480E-01,1.200E-02
-5.8440E-01,9.8000E-03
-5.840E-01,6.8000E-03
-5.8360E-01,1.000E-03
-5.8320E-01,-5.000E-03
-5.8280E-01,-9.4000E-03
-5.8240E-01,-1.1600E-02
-5.820E-01,-1.0400E-02
-5.8160E-01,-6.4000E-03
-5.8120E-01,6.0000E-04
-5.8080E-01,7.2000E-03
-5.8040E-01,1.1600E-02
-5.80E-01,1.200E-02
-5.7960E-01,9.8000E-03
-5.7920E-01,4.000E-03
-5.7880E-01,-1.6000E-03
-5.7840E-01,-7.2000E-03
-5.780E-01,-9.6000E-03
-5.7760E-01,-9.6000E-03
-5.7720E-01,-6.4000E-03
-5.7680E-01,-8.0000E-04
-5.7640E-01,5.2000E-03
-5.760E-01,1.0800E-02
-5.7560E-01,1.2400E-02
-5.7520E-01,1.00E-02
-5.7480E-01,5.4000E-03
-5.7440E-01,-8.0000E-04
-5.740E-01,-6.4000E-03
-5.7360E-01,-1.0400E-02
-5.7320E-01,-1.1400E-02
-5.7280E-01,-9.000E-03
-5.7240E-01,-4.6000E-03
-5.720E-01,2.000E-03
-5.7160E-01,7.8000E-03
-5.7120E-01,1.1600E-02
-5.7080E-01,1.100E-02
-5.7040E-01,7.6000E-03
-5.70E-01,2.000E-03
-5.6960E-01,-4.000E-03
-5.6920E-01,-8.000E-03
-5.6880E-01,-9.2000E-03
-5.6840E-01,-9.2000E-03
-5.680E-01,-5.2000E-03
-5.6760E-01,8.0000E-04
-5.6720E-01,7.000E-03
-5.6680E-01,1.200E-02
-5.6640E-01,1.200E-02
-5.660E-01,9.6000E-03
-5.6560E-01,4.2000E-03
-5.6520E-01,-2.000E-03
-5.6480E-01,-7.2000E-03
-5.6440E-01,-1.0400E-02
-5.640E-01,-1.0400E-02
-5.6360E-01,-8.2000E-03
-5.6320E-01,-2.6000E-03
-5.6280E-01,3.6000E-03
-5.6240E-01,8.8000E-03
-5.620E-01,1.1200E-02
-5.6160E-01,9.8000E-03
-5.6120E-01,5.2000E-03
-5.6080E-01,2.0000E-04
-5.6040E-01,-5.4000E-03
-5.60E-01,-8.8000E-03
-5.5960E-01,-1.00E-02
-5.5920E-01,-7.6000E-03
-5.5880E-01,-3.2000E-03
-5.5840E-01,2.2000E-03
-5.580E-01,8.6000E-03
-5.5760E-01,1.2200E-02
-5.5720E-01,1.200E-02
-5.5680E-01,8.2000E-03
-5.5640E-01,2.6000E-03
-5.560E-01,-3.000E-03
-5.5560E-01,-8.000E-03
-5.5520E-01,-1.00E-02
-5.5480E-01,-9.6000E-03
-5.5440E-01,-6.000E-03
-5.540E-01,-4.0000E-04
-5.5360E-01,6.4000E-03
-5.5320E-01,1.00E-02
-5.5280E-01,1.0600E-02
-5.5240E-01,7.8000E-03
-5.520E-01,3.6000E-03
-5.5160E-01,-2.2000E-03
-5.5120E-01,-6.8000E-03
-5.5080E-01,-9.8000E-03
-5.5040E-01,-9.8000E-03
-5.50E-01,-6.8000E-03
-5.4960E-01,-2.000E-03
-5.4920E-01,4.4000E-03
-5.4880E-01,9.8000E-03
-5.4840E-01,1.2400E-02
-5.480E-01,1.0800E-02
-5.4760E-01,7.4000E-03
-5.4720E-01,4.0000E-04
-5.4680E-01,-4.6000E-03
-5.4640E-01,-8.2000E-03
-5.460E-01,-1.0200E-02
-5.4560E-01,-8.4000E-03
-5.4520E-01,-4.2000E-03
-5.4480E-01,1.8000E-03
-5.4440E-01,7.8000E-03
-5.440E-01,1.1200E-02
-5.4360E-01,1.0600E-02
-5.4320E-01,7.6000E-03
-5.4280E-01,2.2000E-03
-5.4240E-01,-3.000E-03
-5.420E-01,-8.000E-03
-5.4160E-01,-1.0600E-02
-5.4120E-01,-9.8000E-03
-5.4080E-01,-6.000E-03
-5.4040E-01,-6.0000E-04
-5.40E-01,5.8000E-03
-5.3960E-01,1.0600E-02
-5.3920E-01,1.200E-02
-5.3880E-01,9.4000E-03
-5.3840E-01,4.6000E-03
-5.380E-01,-8.0000E-04
-5.3760E-01,-6.000E-03
-5.3720E-01,-9.2000E-03
-5.3680E-01,-9.6000E-03
-5.3640E-01,-8.000E-03
-5.360E-01,-2.8000E-03
-5.3560E-01,3.8000E-03
-5.3520E-01,9.2000E-03
-5.3480E-01,1.1400E-02
-5.3440E-01,1.0400E-02
-5.340E-01,6.8000E-03
-5.3360E-01,4.0000E-04
-5.3320E-01,-4.8000E-03
-5.3280E-01,-8.2000E-03
-5.3240E-01,-1.0200E-02
-5.320E-01,-8.6000E-03
-5.3160E-01,-4.6000E-03
-5.3120E-01,4.0000E-04
-5.3080E-01,6.6000E-03
-5.3040E-01,1.0600E-02
-5.30E-01,1.0800E-02
-5.2960E-01,7.8000E-03
-5.2920E-01,2.6000E-03
-5.2880E-01,-2.2000E-03
-5.2840E-01,-6.8000E-03
-5.280E-01,-9.8000E-03
-5.2760E-01,-9.2000E-03
-5.2720E-01,-6.4000E-03
-5.2680E-01,-8.0000E-04
-5.2640E-01,5.000E-03
-5.260E-01,1.00E-02
-5.2560E-01,1.200E-02
-5.2520E-01,9.6000E-03
-5.2480E-01,4.8000E-03
-5.2440E-01,-8.0000E-04
-5.240E-01,-5.4000E-03
-5.2360E-01,-9.4000E-03
-5.2320E-01,-9.2000E-03
-5.2280E-01,-7.6000E-03
-5.2240E-01,-3.000E-03
-5.220E-01,3.000E-03
-5.2160E-01,8.6000E-03
-5.2120E-01,1.100E-02
-5.2080E-01,1.0400E-02
-5.2040E-01,6.2000E-03
-5.20E-01,2.0000E-04
-5.1960E-01,-4.2000E-03
-5.1920E-01,-8.000E-03
-5.1880E-01,-9.8000E-03
-5.1840E-01,-9.4000E-03
-5.180E-01,-4.8000E-03
-5.1760E-01,6.0000E-04
-5.1720E-01,6.8000E-03
-5.1680E-01,1.0800E-02
-5.1640E-01,1.1600E-02
-5.160E-01,2.6000E-03
-5.1560E-01,2.6000E-03
-5.1520E-01,-2.2000E-03
-5.1480E-01,-7.2000E-03
-5.1440E-01,-9.4000E-03
-5.140E-01,-9.000E-03
-5.1360E-01,-5.8000E-03
-5.1320E-01,-1.000E-03
-5.1280E-01,4.6000E-03
-5.1240E-01,9.4000E-03
-5.120E-01,1.0600E-02
-5.1160E-01,8.4000E-03
-5.1120E-01,4.8000E-03
-5.1080E-01,-4.0000E-04
-5.1040E-01,-5.6000E-03
-5.10E-01,-8.8000E-03
-5.0960E-01,-1.0200E-02
-5.0920E-01,-7.8000E-03
-5.0880E-01,-2.8000E-03
-5.0840E-01,2.000E-03
-5.080E-01,8.000E-03
-5.0760E-01,1.0800E-02
-5.0720E-01,1.0800E-02
-5.0680E-01,6.8000E-03
-5.0640E-01,2.000E-03
-5.060E-01,-3.2000E-03
-5.0560E-01,-7.8000E-03
-5.0520E-01,-9.000E-03
-5.0480E-01,-8.2000E-03
-5.0440E-01,-4.2000E-03
-5.040E-01,6.0000E-04
-5.0360E-01,6.6000E-03
-5.0320E-01,1.0400E-02
-5.0280E-01,1.0800E-02
-5.0240E-01,8.8000E-03
-5.020E-01,3.2000E-03
-5.0160E-01,-2.2000E-03
-5.0120E-01,-7.000E-03
-5.0080E-01,-9.8000E-03
-5.0040E-01,-9.000E-03
-5.0E-01,-6.8000E-03
-4.9960E-01,-1.6000E-03
-4.9920E-01,4.000E-03
-4.9880E-01,8.8000E-03
-4.9840E-01,1.0600E-02
-4.980E-01,9.2000E-03
-4.9760E-01,7.2000E-03
-4.9720E-01,-6.0000E-04
-4.9680E-01,-5.000E-03
-4.9640E-01,-8.8000E-03
-4.960E-01,-9.6000E-03
-4.9560E-01,-7.4000E-03
-4.9520E-01,-3.000E-03
-4.9480E-01,2.6000E-03
-4.9440E-01,7.6000E-03
-4.940E-01,1.0600E-02
-4.9360E-01,1.0400E-02
-4.9320E-01,7.2000E-03
-4.9280E-01,1.8000E-03
-4.9240E-01,-3.6000E-03
-4.920E-01,-8.000E-03
-4.9160E-01,-1.00E-02
-4.9120E-01,-9.000E-03
-4.9080E-01,-5.000E-03
-4.9040E-01,0E+00
-4.90E-01,5.6000E-03
-4.8960E-01,1.00E-02
-4.8920E-01,1.0800E-02
-4.8880E-01,8.2000E-03
-4.8840E-01,3.4000E-03
-4.880E-01,-2.2000E-03
-4.8760E-01,-6.2000E-03
-4.8720E-01,-8.8000E-03
-4.8680E-01,-9.000E-03
-4.8640E-01,-6.000E-03
-4.860E-01,-1.6000E-03
-4.8560E-01,4.000E-03
-4.8520E-01,9.000E-03
-4.8480E-01,1.0600E-02
-4.8440E-01,9.4000E-03
-4.840E-01,5.4000E-03
-4.8360E-01,-2.0000E-04
-4.8320E-01,-4.8000E-03
-4.8280E-01,-8.000E-03
-4.8240E-01,-8.8000E-03
-4.820E-01,-8.000E-03
-4.8160E-01,-4.000E-03
-4.8120E-01,4.0000E-04
-4.8080E-01,6.8000E-03
-4.8040E-01,9.6000E-03
-4.80E-01,9.8000E-03
-4.7960E-01,6.6000E-03
-4.7920E-01,1.8000E-03
-4.7880E-01,-3.2000E-03
-4.7840E-01,-7.2000E-03
-4.780E-01,-9.2000E-03
-4.7760E-01,-8.000E-03
-4.7720E-01,-5.2000E-03
-4.7680E-01,4.0000E-04
-4.7640E-01,5.6000E-03
-4.760E-01,9.6000E-03
-4.7560E-01,1.1200E-02
-4.7520E-01,8.4000E-03
-4.7480E-01,4.000E-03
-4.7440E-01,-1.000E-03
-4.740E-01,-6.000E-03
-4.7360E-01,-8.8000E-03
-4.7320E-01,-9.6000E-03
-4.7280E-01,-6.8000E-03
-4.7240E-01,-2.6000E-03
-4.720E-01,3.6000E-03
-4.7160E-01,8.4000E-03
-4.7120E-01,1.0600E-02
-4.7080E-01,9.6000E-03
-4.7040E-01,5.4000E-03
-4.70E-01,6.0000E-04
-4.6960E-01,-4.6000E-03
-4.6920E-01,-8.000E-03
-4.6880E-01,-9.4000E-03
-4.6840E-01,-8.000E-03
-4.680E-01,-4.2000E-03
-4.6760E-01,2.000E-03
-4.6720E-01,6.8000E-03
-4.6680E-01,1.00E-02
-4.6640E-01,1.0400E-02
-4.660E-01,7.6000E-03
-4.6560E-01,2.2000E-03
-4.6520E-01,-3.6000E-03
-4.6480E-01,-6.8000E-03
-4.6440E-01,-9.4000E-03
-4.640E-01,-8.000E-03
-4.6360E-01,-5.6000E-03
-4.6320E-01,5.000E-03
-4.6280E-01,5.000E-03
-4.6240E-01,9.000E-03
-4.620E-01,1.00E-02
-4.6160E-01,8.000E-03
-4.6120E-01,4.2000E-03
-4.6080E-01,-2.2000E-03
-4.6040E-01,-5.4000E-03
-4.60E-01,-8.2000E-03
-4.5960E-01,-8.4000E-03
-4.5920E-01,-6.4000E-03
-4.5880E-01,-1.6000E-03
-4.5840E-01,3.2000E-03
-4.580E-01,7.8000E-03
-4.5760E-01,9.2000E-03
-4.5720E-01,9.4000E-03
-4.5680E-01,5.4000E-03
-4.5640E-01,2.0000E-04
-4.560E-01,-4.6000E-03
-4.5560E-01,-7.2000E-03
-4.5520E-01,-8.6000E-03
-4.5480E-01,-7.2000E-03
-4.5440E-01,-4.8000E-03
-4.540E-01,1.000E-03
-4.5360E-01,6.000E-03
-4.5320E-01,9.4000E-03
-4.5280E-01,1.0200E-02
-4.5240E-01,7.2000E-03
-4.520E-01,2.6000E-03
-4.5160E-01,-3.000E-03
-4.5120E-01,-7.4000E-03
-4.5080E-01,-8.8000E-03
-4.5040E-01,-8.4000E-03
-4.50E-01,-5.2000E-03
-4.4960E-01,-4.0000E-04
-4.4920E-01,4.8000E-03
-4.4880E-01,8.8000E-03
-4.4840E-01,9.2000E-03
-4.480E-01,8.6000E-03
-4.4760E-01,3.8000E-03
-4.4720E-01,-1.000E-03
-4.4680E-01,-6.2000E-03
-4.4640E-01,-8.000E-03
-4.460E-01,-9.000E-03
-4.4560E-01,-6.6000E-03
-4.4520E-01,-2.8000E-03
-4.4480E-01,2.8000E-03
-4.4440E-01,7.4000E-03
-4.440E-01,1.00E-02
-4.4360E-01,9.4000E-03
-4.4320E-01,6.2000E-03
-4.4280E-01,8.0000E-04
-4.4240E-01,-4.2000E-03
-4.420E-01,-7.2000E-03
-4.4160E-01,-8.4000E-03
-4.4120E-01,-7.000E-03
-4.4080E-01,-3.6000E-03
-4.4040E-01,1.6000E-03
-4.40E-01,6.2000E-03
-4.3960E-01,9.2000E-03
-4.3920E-01,9.8000E-03
-4.3880E-01,7.000E-03
-4.3840E-01,2.4000E-03
-4.380E-01,-2.2000E-03
-4.3760E-01,-6.6000E-03
-4.3720E-01,-8.8000E-03
-4.3680E-01,-7.8000E-03
-4.3640E-01,-5.8000E-03
-4.360E-01,-1.2000E-03
-4.3560E-01,4.2000E-03
-4.3520E-01,8.4000E-03
-4.3480E-01,9.4000E-03
-4.3440E-01,8.8000E-03
-4.340E-01,4.4000E-03
-4.3360E-01,0E+00
-4.3320E-01,-4.8000E-03
-4.3280E-01,-7.6000E-03
-4.3240E-01,-8.4000E-03
-4.320E-01,-6.6000E-03
-4.3160E-01,-3.4000E-03
-4.3120E-01,2.6000E-03
-4.3080E-01,7.2000E-03
-4.3040E-01,9.4000E-03
-4.30E-01,9.4000E-03
-4.2960E-01,6.4000E-03
-4.2920E-01,1.4000E-03
-4.2880E-01,-3.6000E-03
-4.2840E-01,-7.6000E-03
-4.280E-01,-8.8000E-03
-4.2760E-01,-7.8000E-03
-4.2720E-01,-4.2000E-03
-4.2680E-01,8.0000E-04
-4.2640E-01,5.2000E-03
-4.260E-01,8.4000E-03
-4.2560E-01,9.6000E-03
-4.2520E-01,7.8000E-03
-4.2480E-01,3.000E-03
-4.2440E-01,-2.000E-03
-4.240E-01,-6.2000E-03
-4.2360E-01,-8.2000E-03
-4.2320E-01,-7.6000E-03
-4.2280E-01,-5.000E-03
-4.2240E-01,-6.0000E-04
-4.220E-01,4.2000E-03
-4.2160E-01,8.000E-03
-4.2120E-01,1.00E-02
-4.2080E-01,9.2000E-03
-4.2040E-01,4.8000E-03
-4.20E-01,-4.0000E-04
-4.1960E-01,-4.8000E-03
-4.1920E-01,-8.4000E-03
-4.1880E-01,-9.4000E-03
-4.1840E-01,-6.8000E-03
-4.180E-01,-2.8000E-03
-4.1760E-01,1.8000E-03
-4.1720E-01,6.4000E-03
-4.1680E-01,9.6000E-03
-4.1640E-01,9.2000E-03
-4.160E-01,6.2000E-03
-4.1560E-01,1.6000E-03
-4.1520E-01,-3.2000E-03
-4.1480E-01,-7.2000E-03
-4.1440E-01,-8.4000E-03
-4.140E-01,-7.2000E-03
-4.1360E-01,-3.8000E-03
-4.1320E-01,8.0000E-04
-4.1280E-01,5.8000E-03
-4.1240E-01,9.2000E-03
-4.120E-01,1.00E-02
-4.1160E-01,7.6000E-03
-4.1120E-01,3.000E-03
-4.1080E-01,-1.6000E-03
-4.1040E-01,-8.4000E-03
-4.10E-01,-8.4000E-03
-4.0960E-01,-8.6000E-03
-4.0920E-01,-5.6000E-03
-4.0880E-01,-1.2000E-03
-4.0840E-01,3.2000E-03
-4.080E-01,7.6000E-03
-4.0760E-01,9.6000E-03
-4.0720E-01,8.4000E-03
-4.0680E-01,4.8000E-03
-4.0640E-01,-6.0000E-04
-4.060E-01,-5.000E-03
-4.0560E-01,-8.000E-03
-4.0520E-01,-8.4000E-03
-4.0480E-01,-6.000E-03
-4.0440E-01,-3.000E-03
-4.040E-01,2.000E-03
-4.0360E-01,6.6000E-03
-4.0320E-01,9.2000E-03
-4.0280E-01,1.1600E-02
-4.0240E-01,6.4000E-03
-4.020E-01,1.4000E-03
-4.0160E-01,-2.6000E-03
-4.0120E-01,-6.8000E-03
-4.0080E-01,-7.8000E-03
-4.0040E-01,-7.4000E-03
-4.0E-01,-4.000E-03
-3.9960E-01,0E+00
-3.9920E-01,4.2000E-03
-3.9880E-01,8.000E-03
-3.9840E-01,9.2000E-03
-3.980E-01,8.2000E-03
-3.9760E-01,3.000E-03
-3.9720E-01,-1.6000E-03
-3.9680E-01,-5.2000E-03
-3.9640E-01,-7.8000E-03
-3.960E-01,-7.6000E-03
-3.9560E-01,-5.4000E-03
-3.9520E-01,-1.6000E-03
-3.9480E-01,3.2000E-03
-3.9440E-01,7.2000E-03
-3.940E-01,8.8000E-03
-3.9360E-01,8.6000E-03
-3.9320E-01,4.8000E-03
-3.9280E-01,8.0000E-04
-3.9240E-01,-4.2000E-03
-3.920E-01,-7.6000E-03
-3.9160E-01,-8.2000E-03
-3.9120E-01,-6.2000E-03
-3.9080E-01,-3.2000E-03
-3.9040E-01,1.4000E-03
-3.90E-01,6.4000E-03
-3.8960E-01,9.000E-03
-3.8920E-01,9.000E-03
-3.8880E-01,6.8000E-03
-3.8840E-01,1.8000E-03
-3.880E-01,-3.2000E-03
-3.8760E-01,-6.2000E-03
-3.8720E-01,-8.000E-03
-3.8680E-01,-7.000E-03
-3.8640E-01,-3.8000E-03
-3.860E-01,2.0000E-04
-3.8560E-01,4.8000E-03
-3.8520E-01,8.2000E-03
-3.8480E-01,9.000E-03
-3.8440E-01,7.6000E-03
-3.840E-01,3.4000E-03
-3.8360E-01,-1.6000E-03
-3.8320E-01,-5.6000E-03
-3.8280E-01,-8.000E-03
-3.8240E-01,-7.2000E-03
-3.820E-01,-5.8000E-03
-3.8160E-01,-1.6000E-03
-3.8120E-01,2.8000E-03
-3.8080E-01,6.8000E-03
-3.8040E-01,9.2000E-03
-3.80E-01,8.2000E-03
-3.7960E-01,4.8000E-03
-3.7920E-01,8.0000E-04
-3.7880E-01,-4.000E-03
-3.7840E-01,-7.2000E-03
-3.780E-01,-8.4000E-03
-3.7760E-01,-6.4000E-03
-3.7720E-01,-2.4000E-03
-3.7680E-01,2.000E-03
-3.7640E-01,6.2000E-03
-3.760E-01,8.8000E-03
-3.7560E-01,9.2000E-03
-3.7520E-01,7.2000E-03
-3.7480E-01,2.2000E-03
-3.7440E-01,-2.4000E-03
-3.740E-01,-6.4000E-03
-3.7360E-01,-8.4000E-03
-3.7320E-01,-7.4000E-03
-3.7280E-01,-4.4000E-03
-3.7240E-01,-4.0000E-04
-3.720E-01,4.4000E-03
-3.7160E-01,7.8000E-03
-3.7120E-01,1.00E-02
-3.7080E-01,7.2000E-03
-3.7040E-01,3.8000E-03
-3.70E-01,-1.2000E-03
-3.6960E-01,-4.8000E-03
-3.6920E-01,-7.8000E-03
-3.6880E-01,-7.4000E-03
-3.6840E-01,-4.8000E-03
-3.680E-01,-1.2000E-03
-3.6760E-01,3.2000E-03
-3.6720E-01,7.000E-03
-3.6680E-01,9.2000E-03
-3.6640E-01,8.6000E-03
-3.660E-01,5.000E-03
-3.6560E-01,1.000E-03
-3.6520E-01,-3.2000E-03
-3.6480E-01,-6.4000E-03
-3.6440E-01,-7.6000E-03
-3.640E-01,-6.4000E-03
-3.6360E-01,-3.000E-03
-3.6320E-01,6.0000E-04
-3.6280E-01,5.000E-03
-3.6240E-01,8.000E-03
-3.620E-01,8.4000E-03
-3.6160E-01,6.4000E-03
-3.6120E-01,2.4000E-03
-3.6080E-01,-2.4000E-03
-3.6040E-01,-5.4000E-03
-3.60E-01,-7.8000E-03
-3.5960E-01,-7.6000E-03
-3.5920E-01,-4.000E-03
-3.5880E-01,0E+00
-3.5840E-01,4.2000E-03
-3.580E-01,7.6000E-03
-3.5760E-01,8.8000E-03
-3.5720E-01,7.6000E-03
-3.5680E-01,4.000E-03
-3.5640E-01,-6.0000E-04
-3.560E-01,-4.6000E-03
-3.5560E-01,-7.6000E-03
-3.5520E-01,-7.4000E-03
-3.5480E-01,-5.6000E-03
-3.5440E-01,-1.8000E-03
-3.540E-01,2.4000E-03
-3.5360E-01,6.4000E-03
-3.5320E-01,8.2000E-03
-3.5280E-01,8.2000E-03
-3.5240E-01,5.2000E-03
-3.520E-01,8.0000E-04
-3.5160E-01,-4.6000E-03
-3.5120E-01,-6.8000E-03
-3.5080E-01,-7.4000E-03
-3.5040E-01,-6.000E-03
-3.50E-01,-2.6000E-03
-3.4960E-01,1.6000E-03
-3.4920E-01,5.6000E-03
-3.4880E-01,8.8000E-03
-3.4840E-01,8.6000E-03
-3.480E-01,6.8000E-03
-3.4760E-01,2.4000E-03
-3.4720E-01,-2.000E-03
-3.4680E-01,-5.6000E-03
-3.4640E-01,-8.000E-03
-3.460E-01,-6.8000E-03
-3.4560E-01,-4.4000E-03
-3.4520E-01,-8.0000E-04
-3.4480E-01,3.4000E-03
-3.4440E-01,7.2000E-03
-3.440E-01,9.000E-03
-3.4360E-01,7.6000E-03
-3.4320E-01,3.8000E-03
-3.4280E-01,-4.0000E-04
-3.4240E-01,-4.4000E-03
-3.420E-01,-7.000E-03
-3.4160E-01,-8.000E-03
-3.4120E-01,-6.000E-03
-3.4080E-01,-2.2000E-03
-3.4040E-01,2.4000E-03
-3.40E-01,6.8000E-03
-3.3960E-01,8.6000E-03
-3.3920E-01,8.8000E-03
-3.3880E-01,5.8000E-03
-3.3840E-01,8.0000E-04
-3.380E-01,-3.6000E-03
-3.3760E-01,-7.2000E-03
-3.3720E-01,-8.000E-03
-3.3680E-01,-6.8000E-03
-3.3640E-01,-2.8000E-03
-3.360E-01,8.0000E-04
-3.3560E-01,4.6000E-03
-3.3520E-01,7.4000E-03
-3.3480E-01,8.8000E-03
-3.3440E-01,5.8000E-03
-3.340E-01,2.6000E-03
-3.3360E-01,-1.6000E-03
-3.3320E-01,-5.2000E-03
-3.3280E-01,-7.000E-03
-3.3240E-01,-6.6000E-03
-3.320E-01,-4.000E-03
-3.3160E-01,-4.0000E-04
-3.3120E-01,3.6000E-03
-3.3080E-01,7.2000E-03
-3.3040E-01,8.4000E-03
-3.30E-01,7.6000E-03
-3.2960E-01,4.6000E-03
-3.2920E-01,0E+00
-3.2880E-01,-4.2000E-03
-3.2840E-01,-6.6000E-03
-3.280E-01,-6.8000E-03
-3.2760E-01,-5.6000E-03
-3.2720E-01,-2.8000E-03
-3.2680E-01,2.4000E-03
-3.2640E-01,6.2000E-03
-3.260E-01,8.000E-03
-3.2560E-01,8.2000E-03
-3.2520E-01,5.6000E-03
-3.2480E-01,8.0000E-04
-3.2440E-01,-3.000E-03
-3.240E-01,-6.2000E-03
-3.2360E-01,-7.4000E-03
-3.2320E-01,-6.2000E-03
-3.2280E-01,-3.6000E-03
-3.2240E-01,8.0000E-04
-3.220E-01,4.8000E-03
-3.2160E-01,7.4000E-03
-3.2120E-01,8.8000E-03
-3.2080E-01,6.8000E-03
-3.2040E-01,2.8000E-03
-3.20E-01,-6.0000E-04
-3.1960E-01,-5.2000E-03
-3.1920E-01,-7.4000E-03
-3.1880E-01,-7.6000E-03
-3.1840E-01,-4.4000E-03
-3.180E-01,-1.000E-03
-3.1760E-01,3.6000E-03
-3.1720E-01,7.000E-03
-3.1680E-01,8.4000E-03
-3.1640E-01,7.6000E-03
-3.160E-01,4.4000E-03
-3.1560E-01,0E+00
-3.1520E-01,-4.000E-03
-3.1480E-01,-6.4000E-03
-3.1440E-01,-6.8000E-03
-3.140E-01,-5.4000E-03
-3.1360E-01,-2.000E-03
-3.1320E-01,2.2000E-03
-3.1280E-01,5.8000E-03
-3.1240E-01,7.8000E-03
-3.120E-01,8.2000E-03
-3.1160E-01,5.8000E-03
-3.1120E-01,1.6000E-03
-3.1080E-01,-3.2000E-03
-3.1040E-01,-5.8000E-03
-3.10E-01,-7.6000E-03
-3.0960E-01,-6.2000E-03
-3.0920E-01,-3.2000E-03
-3.0880E-01,4.0000E-04
-3.0840E-01,4.6000E-03
-3.080E-01,6.8000E-03
-3.0760E-01,8.2000E-03
-3.0720E-01,6.6000E-03
-3.0680E-01,3.000E-03
-3.0640E-01,-1.4000E-03
-3.060E-01,-5.2000E-03
-3.0560E-01,-7.000E-03
-3.0520E-01,-6.8000E-03
-3.0480E-01,-4.4000E-03
-3.0440E-01,-1.000E-03
-3.040E-01,3.2000E-03
-3.0360E-01,6.6000E-03
-3.0320E-01,8.000E-03
-3.0280E-01,7.4000E-03
-3.0240E-01,4.8000E-03
-3.020E-01,2.0000E-04
-3.0160E-01,-3.8000E-03
-3.0120E-01,-6.2000E-03
-3.0080E-01,-6.6000E-03
-3.0040E-01,-5.4000E-03
-3.0E-01,-2.2000E-03
-2.9960E-01,4.6000E-03
-2.9920E-01,4.6000E-03
-2.9880E-01,7.6000E-03
-2.9840E-01,7.2000E-03
-2.980E-01,5.6000E-03
-2.9760E-01,2.000E-03
-2.9720E-01,-2.4000E-03
-2.9680E-01,-5.8000E-03
-2.9640E-01,-6.4000E-03
-2.960E-01,-6.2000E-03
-2.9560E-01,-3.2000E-03
-2.9520E-01,4.0000E-04
-2.9480E-01,4.4000E-03
-2.9440E-01,7.4000E-03
-2.940E-01,8.4000E-03
-2.9360E-01,6.8000E-03
-2.9320E-01,3.000E-03
-2.9280E-01,-1.4000E-03
-2.9240E-01,-4.8000E-03
-2.920E-01,-6.8000E-03
-2.9160E-01,-6.4000E-03
-2.9120E-01,-4.6000E-03
-2.9080E-01,-1.2000E-03
-2.9040E-01,2.8000E-03
-2.90E-01,6.6000E-03
-2.8960E-01,8.2000E-03
-2.8920E-01,7.4000E-03
-2.8880E-01,4.8000E-03
-2.8840E-01,8.0000E-04
-2.880E-01,-3.6000E-03
-2.8760E-01,-6.2000E-03
-2.8720E-01,-7.2000E-03
-2.8680E-01,-5.4000E-03
-2.8640E-01,-2.4000E-03
-2.860E-01,1.8000E-03
-2.8560E-01,5.000E-03
-2.8520E-01,7.2000E-03
-2.8480E-01,7.4000E-03
-2.8440E-01,5.6000E-03
-2.840E-01,2.000E-03
-2.8360E-01,-2.000E-03
-2.8320E-01,-5.4000E-03
-2.8280E-01,-6.8000E-03
-2.8240E-01,-6.4000E-03
-2.820E-01,-3.6000E-03
-2.8160E-01,0E+00
-2.8120E-01,4.000E-03
-2.8080E-01,6.8000E-03
-2.8040E-01,7.6000E-03
-2.80E-01,6.8000E-03
-2.7960E-01,3.6000E-03
-2.7920E-01,0E+00
-2.7880E-01,-4.4000E-03
-2.7840E-01,-6.6000E-03
-2.780E-01,-7.2000E-03
-2.7760E-01,-5.000E-03
-2.7720E-01,-1.2000E-03
-2.7680E-01,3.2000E-03
-2.7640E-01,6.6000E-03
-2.760E-01,8.2000E-03
-2.7560E-01,7.000E-03
-2.7520E-01,4.4000E-03
-2.7480E-01,2.0000E-04
-2.7440E-01,-3.2000E-03
-2.740E-01,-6.000E-03
-2.7360E-01,-7.000E-03
-2.7320E-01,-5.4000E-03
-2.7280E-01,-2.2000E-03
-2.7240E-01,1.000E-03
-2.720E-01,4.6000E-03
-2.7160E-01,6.6000E-03
-2.7120E-01,7.4000E-03
-2.7080E-01,6.000E-03
-2.7040E-01,1.6000E-03
-2.70E-01,-1.6000E-03
-2.6960E-01,-5.000E-03
-2.6920E-01,-6.8000E-03
-2.6880E-01,-5.8000E-03
-2.6840E-01,-2.8000E-03
-2.680E-01,4.0000E-04
-2.6760E-01,3.8000E-03
-2.6720E-01,7.000E-03
-2.6680E-01,7.6000E-03
-2.6640E-01,6.4000E-03
-2.660E-01,3.2000E-03
-2.6560E-01,-6.0000E-04
-2.6520E-01,-3.8000E-03
-2.6480E-01,-6.4000E-03
-2.6440E-01,-6.4000E-03
-2.640E-01,-4.4000E-03
-2.6360E-01,-1.6000E-03
-2.6320E-01,2.2000E-03
-2.6280E-01,5.6000E-03
-2.6240E-01,7.4000E-03
-2.620E-01,6.6000E-03
-2.6160E-01,4.8000E-03
-2.6120E-01,8.0000E-04
-2.6080E-01,-3.000E-03
-2.6040E-01,-6.000E-03
-2.60E-01,-6.8000E-03
-2.5960E-01,-5.6000E-03
-2.5920E-01,-1.8000E-03
-2.5880E-01,1.4000E-03
-2.5840E-01,4.6000E-03
-2.580E-01,7.000E-03
-2.5760E-01,7.4000E-03
-2.5720E-01,5.6000E-03
-2.5680E-01,2.000E-03
-2.5640E-01,-1.6000E-03
-2.560E-01,-5.000E-03
-2.5560E-01,-7.2000E-03
-2.5520E-01,-6.000E-03
-2.5480E-01,-3.4000E-03
-2.5440E-01,-2.0000E-04
-2.540E-01,3.8000E-03
-2.5360E-01,6.4000E-03
-2.5320E-01,7.6000E-03
-2.5280E-01,6.8000E-03
-2.5240E-01,3.2000E-03
-2.520E-01,-6.0000E-04
-2.5160E-01,-3.6000E-03
-2.5120E-01,-6.6000E-03
-2.5080E-01,-6.000E-03
-2.5040E-01,-4.4000E-03
-2.50E-01,-1.2000E-03
-2.4960E-01,2.000E-03
-2.4920E-01,5.8000E-03
-2.4880E-01,7.6000E-03
-2.4840E-01,7.2000E-03
-2.480E-01,4.8000E-03
-2.4760E-01,6.0000E-04
-2.4720E-01,-3.000E-03
-2.4680E-01,-5.8000E-03
-2.4640E-01,-6.6000E-03
-2.460E-01,-5.4000E-03
-2.4560E-01,1.000E-03
-2.4520E-01,1.000E-03
-2.4480E-01,4.6000E-03
-2.4440E-01,6.6000E-03
-2.440E-01,7.4000E-03
-2.4360E-01,5.4000E-03
-2.4320E-01,2.8000E-03
-2.4280E-01,-1.6000E-03
-2.4240E-01,-5.000E-03
-2.420E-01,-6.8000E-03
-2.4160E-01,-5.8000E-03
-2.4120E-01,-3.4000E-03
-2.4080E-01,2.0000E-04
-2.4040E-01,3.6000E-03
-2.40E-01,5.8000E-03
-2.3960E-01,7.2000E-03
-2.3920E-01,6.4000E-03
-2.3880E-01,3.8000E-03
-2.3840E-01,2.0000E-04
-2.380E-01,-4.000E-03
-2.3760E-01,-6.000E-03
-2.3720E-01,-6.6000E-03
-2.3680E-01,-4.6000E-03
-2.3640E-01,-1.2000E-03
-2.360E-01,2.000E-03
-2.3560E-01,4.8000E-03
-2.3520E-01,7.2000E-03
-2.3480E-01,7.000E-03
-2.3440E-01,4.6000E-03
-2.340E-01,1.000E-03
-2.3360E-01,-2.8000E-03
-2.3320E-01,-5.2000E-03
-2.3280E-01,-6.2000E-03
-2.3240E-01,-5.2000E-03
-2.320E-01,-2.6000E-03
-2.3160E-01,1.000E-03
-2.3120E-01,4.4000E-03
-2.3080E-01,6.8000E-03
-2.3040E-01,6.8000E-03
-2.30E-01,5.6000E-03
-2.2960E-01,2.4000E-03
-2.2920E-01,-1.6000E-03
-2.2880E-01,-4.8000E-03
-2.2840E-01,-6.2000E-03
-2.280E-01,-6.000E-03
-2.2760E-01,-3.6000E-03
-2.2720E-01,-6.0000E-04
-2.2680E-01,2.8000E-03
-2.2640E-01,6.2000E-03
-2.260E-01,7.2000E-03
-2.2560E-01,6.2000E-03
-2.2520E-01,3.8000E-03
-2.2480E-01,2.0000E-04
-2.2440E-01,-3.4000E-03
-2.240E-01,-6.2000E-03
-2.2360E-01,-6.4000E-03
-2.2320E-01,-4.8000E-03
-2.2280E-01,-1.2000E-03
-2.2240E-01,2.000E-03
-2.220E-01,5.2000E-03
-2.2160E-01,7.2000E-03
-2.2120E-01,7.000E-03
-2.2080E-01,4.8000E-03
-2.2040E-01,1.4000E-03
-2.20E-01,-2.2000E-03
-2.1960E-01,-5.4000E-03
-2.1920E-01,-6.000E-03
-2.1880E-01,-5.2000E-03
-2.1840E-01,-3.2000E-03
-2.180E-01,8.0000E-04
-2.1760E-01,4.000E-03
-2.1720E-01,6.4000E-03
-2.1680E-01,7.4000E-03
-2.1640E-01,5.8000E-03
-2.160E-01,3.2000E-03
-2.1560E-01,-1.000E-03
-2.1520E-01,-4.2000E-03
-2.1480E-01,-6.8000E-03
-2.1440E-01,-5.8000E-03
-2.140E-01,-3.6000E-03
-2.1360E-01,0E+00
-2.1320E-01,3.000E-03
-2.1280E-01,6.000E-03
-2.1240E-01,7.000E-03
-2.120E-01,6.6000E-03
-2.1160E-01,3.2000E-03
-2.1120E-01,2.0000E-04
-2.1080E-01,-3.2000E-03
-2.1040E-01,-6.000E-03
-2.10E-01,-6.000E-03
-2.0960E-01,-4.6000E-03
-2.0920E-01,-1.6000E-03
-2.0880E-01,1.6000E-03
-2.0840E-01,4.6000E-03
-2.080E-01,6.8000E-03
-2.0760E-01,6.4000E-03
-2.0720E-01,4.8000E-03
-2.0680E-01,1.6000E-03
-2.0640E-01,-2.000E-03
-2.060E-01,-5.2000E-03
-2.0560E-01,-6.2000E-03
-2.0520E-01,-5.2000E-03
-2.0480E-01,-2.6000E-03
-2.0440E-01,6.0000E-04
-2.040E-01,4.6000E-03
-2.0360E-01,6.000E-03
-2.0320E-01,7.4000E-03
-2.0280E-01,5.4000E-03
-2.0240E-01,2.2000E-03
-2.020E-01,-1.2000E-03
-2.0160E-01,-4.000E-03
-2.0120E-01,-5.8000E-03
-2.0080E-01,-5.8000E-03
-2.0040E-01,-4.000E-03
-2.0E-01,-4.0000E-04
-1.9960E-01,2.6000E-03
-1.9920E-01,5.8000E-03
-1.9880E-01,6.8000E-03
-1.9840E-01,6.000E-03
-1.980E-01,4.4000E-03
-1.9760E-01,2.0000E-04
-1.9720E-01,-3.2000E-03
-1.9680E-01,-5.4000E-03
-1.9640E-01,-6.2000E-03
-1.960E-01,-4.4000E-03
-1.9560E-01,-1.6000E-03
-1.9520E-01,1.8000E-03
-1.9480E-01,5.2000E-03
-1.9440E-01,7.000E-03
-1.940E-01,6.6000E-03
-1.9360E-01,4.8000E-03
-1.9320E-01,1.4000E-03
-1.9280E-01,-2.000E-03
-1.9240E-01,-5.2000E-03
-1.920E-01,-5.6000E-03
-1.9160E-01,-5.6000E-03
-1.9120E-01,-2.8000E-03
-1.9080E-01,1.000E-03
-1.9040E-01,4.000E-03
-1.90E-01,6.4000E-03
-1.8960E-01,6.4000E-03
-1.8920E-01,5.6000E-03
-1.8880E-01,2.8000E-03
-1.8840E-01,-1.000E-03
-1.880E-01,-3.6000E-03
-1.8760E-01,-5.6000E-03
-1.8720E-01,-5.6000E-03
-1.8680E-01,-3.8000E-03
-1.8640E-01,0E+00
-1.860E-01,3.2000E-03
-1.8560E-01,5.6000E-03
-1.8520E-01,6.4000E-03
-1.8480E-01,6.4000E-03
-1.8440E-01,4.000E-03
-1.840E-01,4.0000E-04
-1.8360E-01,-2.6000E-03
-1.8320E-01,-5.2000E-03
-1.8280E-01,-5.8000E-03
-1.8240E-01,-4.6000E-03
-1.820E-01,-2.000E-03
-1.8160E-01,1.6000E-03
-1.8120E-01,5.4000E-03
-1.8080E-01,6.2000E-03
-1.8040E-01,6.4000E-03
-1.80E-01,5.000E-03
-1.7960E-01,2.000E-03
-1.7920E-01,-2.2000E-03
-1.7880E-01,-4.6000E-03
-1.7840E-01,-5.8000E-03
-1.780E-01,-5.6000E-03
-1.7760E-01,-2.8000E-03
-1.7720E-01,2.0000E-04
-1.7680E-01,4.2000E-03
-1.7640E-01,6.000E-03
-1.760E-01,6.4000E-03
-1.7560E-01,5.6000E-03
-1.7520E-01,2.6000E-03
-1.7480E-01,-4.0000E-04
-1.7440E-01,-4.000E-03
-1.740E-01,-6.000E-03
-1.7360E-01,-5.4000E-03
-1.7320E-01,-4.8000E-03
-1.7280E-01,-1.000E-03
-1.7240E-01,2.6000E-03
-1.720E-01,5.4000E-03
-1.7160E-01,6.8000E-03
-1.7120E-01,6.000E-03
-1.7080E-01,4.4000E-03
-1.7040E-01,8.0000E-04
-1.70E-01,-2.8000E-03
-1.6960E-01,-5.2000E-03
-1.6920E-01,-5.8000E-03
-1.6880E-01,-4.6000E-03
-1.6840E-01,-2.000E-03
-1.680E-01,1.4000E-03
-1.6760E-01,4.4000E-03
-1.6720E-01,6.2000E-03
-1.6680E-01,6.6000E-03
-1.6640E-01,5.000E-03
-1.660E-01,1.8000E-03
-1.6560E-01,-1.8000E-03
-1.6520E-01,-4.8000E-03
-1.6480E-01,-5.6000E-03
-1.6440E-01,-5.2000E-03
-1.640E-01,-3.2000E-03
-1.6360E-01,0E+00
-1.6320E-01,3.6000E-03
-1.6280E-01,5.6000E-03
-1.6240E-01,6.8000E-03
-1.620E-01,5.6000E-03
-1.6160E-01,2.8000E-03
-1.6120E-01,-4.0000E-04
-1.6080E-01,-4.000E-03
-1.6040E-01,-5.6000E-03
-1.60E-01,-5.8000E-03
-1.5960E-01,-4.000E-03
-1.5920E-01,-8.0000E-04
-1.5880E-01,2.6000E-03
-1.5840E-01,5.2000E-03
-1.580E-01,6.8000E-03
-1.5760E-01,6.6000E-03
-1.5720E-01,4.2000E-03
-1.5680E-01,1.000E-03
-1.5640E-01,-3.2000E-03
-1.560E-01,-5.2000E-03
-1.5560E-01,-5.6000E-03
-1.5520E-01,-4.2000E-03
-1.5480E-01,-2.000E-03
-1.5440E-01,1.2000E-03
-1.540E-01,4.4000E-03
-1.5360E-01,6.8000E-03
-1.5320E-01,6.6000E-03
-1.5280E-01,4.4000E-03
-1.5240E-01,2.2000E-03
-1.520E-01,-1.4000E-03
-1.5160E-01,-4.6000E-03
-1.5120E-01,-5.6000E-03
-1.5080E-01,-5.4000E-03
-1.5040E-01,-2.8000E-03
-1.50E-01,0E+00
-1.4960E-01,3.2000E-03
-1.4920E-01,6.2000E-03
-1.4880E-01,6.8000E-03
-1.4840E-01,5.6000E-03
-1.480E-01,3.000E-03
-1.4760E-01,-4.0000E-04
-1.4720E-01,-3.6000E-03
-1.4680E-01,-5.4000E-03
-1.4640E-01,-5.4000E-03
-1.460E-01,-4.000E-03
-1.4560E-01,-8.0000E-04
-1.4520E-01,3.4000E-03
-1.4480E-01,5.2000E-03
-1.4440E-01,6.4000E-03
-1.440E-01,6.000E-03
-1.4360E-01,4.000E-03
-1.4320E-01,6.0000E-04
-1.4280E-01,-2.4000E-03
-1.4240E-01,-4.8000E-03
-1.420E-01,-5.6000E-03
-1.4160E-01,-4.8000E-03
-1.4120E-01,-1.8000E-03
-1.4080E-01,1.000E-03
-1.4040E-01,4.6000E-03
-1.40E-01,6.2000E-03
-1.3960E-01,7.000E-03
-1.3920E-01,5.6000E-03
-1.3880E-01,1.8000E-03
-1.3840E-01,-1.2000E-03
-1.380E-01,-5.8000E-03
-1.3760E-01,-5.8000E-03
-1.3720E-01,-5.6000E-03
-1.3680E-01,-3.6000E-03
-1.3640E-01,4.0000E-04
-1.360E-01,3.2000E-03
-1.3560E-01,5.6000E-03
-1.3520E-01,6.4000E-03
-1.3480E-01,5.4000E-03
-1.3440E-01,3.000E-03
-1.340E-01,-4.0000E-04
-1.3360E-01,-3.4000E-03
-1.3320E-01,-5.000E-03
-1.3280E-01,-5.6000E-03
-1.3240E-01,-3.8000E-03
-1.320E-01,-8.0000E-04
-1.3160E-01,1.8000E-03
-1.3120E-01,5.4000E-03
-1.3080E-01,6.8000E-03
-1.3040E-01,5.6000E-03
-1.30E-01,3.8000E-03
-1.2960E-01,-4.0000E-04
-1.2920E-01,-2.000E-03
-1.2880E-01,-5.2000E-03
-1.2840E-01,-6.000E-03
-1.280E-01,-5.000E-03
-1.2760E-01,-2.4000E-03
-1.2720E-01,1.6000E-03
-1.2680E-01,3.6000E-03
-1.2640E-01,6.4000E-03
-1.260E-01,6.2000E-03
-1.2560E-01,4.8000E-03
-1.2520E-01,2.2000E-03
-1.2480E-01,-2.000E-03
-1.2440E-01,-4.000E-03
-1.240E-01,-5.6000E-03
-1.2360E-01,-5.8000E-03
-1.2320E-01,-3.2000E-03
-1.2280E-01,0E+00
-1.2240E-01,3.6000E-03
-1.220E-01,6.000E-03
-1.2160E-01,7.000E-03
-1.2120E-01,5.4000E-03
-1.2080E-01,3.2000E-03
-1.2040E-01,4.0000E-04
-1.20E-01,-3.2000E-03
-1.1960E-01,-5.2000E-03
-1.1920E-01,-5.8000E-03
-1.1880E-01,-3.8000E-03
-1.1840E-01,-1.000E-03
-1.180E-01,1.8000E-03
-1.1760E-01,5.2000E-03
-1.1720E-01,6.2000E-03
-1.1680E-01,5.8000E-03
-1.1640E-01,4.000E-03
-1.160E-01,1.2000E-03
-1.1560E-01,-2.000E-03
-1.1520E-01,-4.4000E-03
-1.1480E-01,-6.000E-03
-1.1440E-01,-4.8000E-03
-1.140E-01,-2.4000E-03
-1.1360E-01,1.000E-03
-1.1320E-01,4.4000E-03
-1.1280E-01,6.6000E-03
-1.1240E-01,6.000E-03
-1.120E-01,5.2000E-03
-1.1160E-01,2.000E-03
-1.1120E-01,-1.000E-03
-1.1080E-01,-4.000E-03
-1.1040E-01,-6.2000E-03
-1.10E-01,-5.2000E-03
-1.0960E-01,-3.6000E-03
-1.0920E-01,-4.0000E-04
-1.0880E-01,3.000E-03
-1.0840E-01,5.000E-03
-1.080E-01,6.000E-03
-1.0760E-01,5.6000E-03
-1.0720E-01,3.2000E-03
-1.0680E-01,4.0000E-04
-1.0640E-01,-3.000E-03
-1.060E-01,-5.000E-03
-1.0560E-01,-6.000E-03
-1.0520E-01,-4.8000E-03
-1.0480E-01,-1.6000E-03
-1.0440E-01,2.2000E-03
-1.040E-01,4.6000E-03
-1.0360E-01,6.2000E-03
-1.0320E-01,6.000E-03
-1.0280E-01,4.000E-03
-1.0240E-01,1.2000E-03
-1.020E-01,-1.8000E-03
-1.0160E-01,-4.000E-03
-1.0120E-01,-5.2000E-03
-1.0080E-01,-5.000E-03
-1.0040E-01,-2.6000E-03
-1.0E-01,1.000E-03
-9.9600E-02,4.000E-03
-9.9200E-02,5.2000E-03
-9.8800E-02,6.2000E-03
-9.8400E-02,4.8000E-03
-9.800E-02,3.000E-03
-9.7600E-02,-1.000E-03
-9.7200E-02,-3.2000E-03
-9.6800E-02,-5.2000E-03
-9.6400E-02,-5.000E-03
-9.600E-02,-3.6000E-03
-9.5600E-02,-2.0000E-04
-9.5200E-02,3.2000E-03
-9.4800E-02,5.8000E-03
-9.4400E-02,6.000E-03
-9.400E-02,5.4000E-03
-9.3600E-02,3.2000E-03
-9.3200E-02,2.0000E-04
-9.2800E-02,-2.8000E-03
-9.2400E-02,-5.2000E-03
-9.200E-02,-5.8000E-03
-9.1600E-02,-4.4000E-03
-9.1200E-02,-1.2000E-03
-9.0800E-02,1.8000E-03
-9.0400E-02,5.2000E-03
-9.00E-02,6.2000E-03
-8.9600E-02,6.2000E-03
-8.9200E-02,4.2000E-03
-8.8800E-02,1.4000E-03
-8.8400E-02,-1.6000E-03
-8.800E-02,-4.2000E-03
-8.7600E-02,-5.6000E-03
-8.7200E-02,-5.000E-03
-8.6800E-02,-2.8000E-03
-8.6400E-02,1.000E-03
-8.600E-02,3.8000E-03
-8.5600E-02,5.8000E-03
-8.5200E-02,6.6000E-03
-8.4800E-02,5.8000E-03
-8.4400E-02,2.8000E-03
-8.400E-02,-6.0000E-04
-8.3600E-02,-5.6000E-03
-8.3200E-02,-5.6000E-03
-8.2800E-02,-5.8000E-03
-8.2400E-02,-3.6000E-03
-8.200E-02,-8.0000E-04
-8.1600E-02,2.8000E-03
-8.1200E-02,5.2000E-03
-8.0800E-02,6.6000E-03
-8.0400E-02,5.6000E-03
-8.00E-02,3.6000E-03
-7.9600E-02,4.0000E-04
-7.9200E-02,-3.2000E-03
-7.8800E-02,-4.8000E-03
-7.8400E-02,-5.6000E-03
-7.800E-02,-4.000E-03
-7.7600E-02,-1.6000E-03
-7.7200E-02,2.000E-03
-7.6800E-02,4.8000E-03
-7.6400E-02,6.2000E-03
-7.600E-02,5.6000E-03
-7.5600E-02,4.2000E-03
-7.5200E-02,1.6000E-03
-7.4800E-02,-1.4000E-03
-7.4400E-02,-4.6000E-03
-7.400E-02,-5.2000E-03
-7.3600E-02,-5.6000E-03
-7.3200E-02,-2.6000E-03
-7.2800E-02,2.0000E-04
-7.2400E-02,3.4000E-03
-7.200E-02,5.4000E-03
-7.1600E-02,6.2000E-03
-7.1200E-02,5.2000E-03
-7.0800E-02,3.000E-03
-7.0400E-02,-8.0000E-04
-7.00E-02,-3.8000E-03
-6.9600E-02,-5.6000E-03
-6.9200E-02,-5.4000E-03
-6.8800E-02,-3.6000E-03
-6.8400E-02,-6.0000E-04
-6.800E-02,2.8000E-03
-6.7600E-02,5.4000E-03
-6.7200E-02,6.8000E-03
-6.6800E-02,5.8000E-03
-6.6400E-02,3.6000E-03
-6.600E-02,6.0000E-04
-6.5600E-02,-2.8000E-03
-6.5200E-02,-4.8000E-03
-6.4800E-02,-5.8000E-03
-6.4400E-02,-4.6000E-03
-6.400E-02,-1.2000E-03
-6.3600E-02,1.8000E-03
-6.3200E-02,4.4000E-03
-6.2800E-02,6.000E-03
-6.2400E-02,6.2000E-03
-6.200E-02,4.6000E-03
-6.1600E-02,1.6000E-03
-6.1200E-02,-1.8000E-03
-6.0800E-02,-3.8000E-03
-6.0400E-02,-5.2000E-03
-6.00E-02,-4.8000E-03
-5.9600E-02,-2.4000E-03
-5.9200E-02,8.0000E-04
-5.8800E-02,2.8000E-03
-5.8400E-02,5.6000E-03
-5.800E-02,6.000E-03
-5.7600E-02,4.8000E-03
-5.7200E-02,3.000E-03
-5.6800E-02,-8.0000E-04
-5.6400E-02,-3.6000E-03
-5.600E-02,-4.2000E-03
-5.5600E-02,-5.2000E-03
-5.5200E-02,-3.6000E-03
-5.4800E-02,-8.0000E-04
-5.4400E-02,2.6000E-03
-5.400E-02,5.000E-03
-5.3600E-02,6.4000E-03
-5.3200E-02,6.000E-03
-5.2800E-02,3.6000E-03
-5.2400E-02,6.0000E-04
-5.200E-02,-2.2000E-03
-5.1600E-02,-5.000E-03
-5.1200E-02,-5.8000E-03
-5.0800E-02,-4.6000E-03
-5.0400E-02,-2.2000E-03
-5.00E-02,1.000E-03
-4.9600E-02,4.4000E-03
-4.9200E-02,6.4000E-03
-4.8800E-02,6.2000E-03
-4.8400E-02,4.6000E-03
-4.800E-02,2.2000E-03
-4.7600E-02,-2.000E-03
-4.7200E-02,-1.4000E-03
-4.6800E-02,-5.6000E-03
-4.6400E-02,-5.000E-03
-4.600E-02,-3.2000E-03
-4.5600E-02,2.0000E-04
-4.5200E-02,3.4000E-03
-4.4800E-02,5.6000E-03
-4.4400E-02,6.2000E-03
-4.400E-02,5.2000E-03
-4.3600E-02,2.8000E-03
-4.3200E-02,-4.0000E-04
-4.2800E-02,-3.2000E-03
-4.2400E-02,-5.4000E-03
-4.200E-02,-5.6000E-03
-4.1600E-02,-3.2000E-03
-4.1200E-02,-1.2000E-03
-4.0800E-02,2.2000E-03
-4.0400E-02,4.8000E-03
-4.00E-02,6.6000E-03
-3.9600E-02,6.000E-03
-3.9200E-02,3.6000E-03
-3.8800E-02,1.2000E-03
-3.8400E-02,-1.6000E-03
-3.800E-02,-4.8000E-03
-3.7600E-02,-5.6000E-03
-3.7200E-02,-5.2000E-03
-3.6800E-02,-2.4000E-03
-3.6400E-02,8.0000E-04
-3.600E-02,4.2000E-03
-3.5600E-02,6.4000E-03
-3.5200E-02,6.2000E-03
-3.4800E-02,4.4000E-03
-3.4400E-02,2.000E-03
-3.400E-02,-1.000E-03
-3.3600E-02,-4.4000E-03
-3.3200E-02,-5.6000E-03
-3.2800E-02,-5.2000E-03
-3.2400E-02,-3.4000E-03
-3.200E-02,-4.0000E-04
-3.1600E-02,2.8000E-03
-3.1200E-02,6.000E-03
-3.0800E-02,6.8000E-03
-3.0400E-02,5.000E-03
-3.00E-02,3.2000E-03
-2.9600E-02,-2.0000E-04
-2.9200E-02,-3.2000E-03
-2.8800E-02,-5.2000E-03
-2.8400E-02,-5.2000E-03
-2.800E-02,-3.8000E-03
-2.7600E-02,-1.4000E-03
-2.7200E-02,2.2000E-03
-2.6800E-02,5.2000E-03
-2.6400E-02,5.8000E-03
-2.600E-02,6.000E-03
-2.5600E-02,3.6000E-03
-2.5200E-02,8.0000E-04
-2.4800E-02,-1.6000E-03
-2.4400E-02,-4.6000E-03
-2.400E-02,-5.2000E-03
-2.3600E-02,-4.2000E-03
-2.3200E-02,-2.2000E-03
-2.2800E-02,1.000E-03
-2.2400E-02,4.4000E-03
-2.200E-02,6.000E-03
-2.1600E-02,6.4000E-03
-2.1200E-02,4.8000E-03
-2.0800E-02,2.2000E-03
-2.0400E-02,-1.4000E-03
-2.00E-02,-3.6000E-03
-1.9600E-02,-5.2000E-03
-1.9200E-02,-5.4000E-03
-1.8800E-02,-4.000E-03
-1.8400E-02,0E+00
-1.800E-02,3.000E-03
-1.7600E-02,5.8000E-03
-1.7200E-02,6.6000E-03
-1.6800E-02,5.4000E-03
-1.6400E-02,3.6000E-03
-1.600E-02,0E+00
-1.5600E-02,-1.4000E-03
-1.5200E-02,-5.000E-03
-1.4800E-02,-5.8000E-03
-1.4400E-02,-4.000E-03
-1.400E-02,-1.4000E-03
-1.3600E-02,1.8000E-03
-1.3200E-02,4.8000E-03
-1.2800E-02,6.6000E-03
-1.2400E-02,6.000E-03
-1.200E-02,4.000E-03
-1.1600E-02,1.000E-03
-1.1200E-02,-2.000E-03
-1.0800E-02,-4.000E-03
-1.0400E-02,-5.6000E-03
-1.00E-02,-4.8000E-03
-9.6000E-03,-2.8000E-03
-9.2000E-03,4.0000E-04
-8.8000E-03,4.000E-03
-8.4000E-03,5.8000E-03
-8.000E-03,6.000E-03
-7.6000E-03,4.4000E-03
-7.2000E-03,2.4000E-03
-6.8000E-03,-8.0000E-04
-6.4000E-03,-3.4000E-03
-6.000E-03,-5.000E-03
-5.6000E-03,-5.000E-03
-5.2000E-03,-3.2000E-03
-4.8000E-03,-4.0000E-04
-4.4000E-03,2.6000E-03
-4.000E-03,5.2000E-03
-3.6000E-03,6.6000E-03
-3.2000E-03,5.6000E-03
-2.8000E-03,2.4000E-03
-2.4000E-03,2.0000E-04
-2.000E-03,-2.4000E-03
-1.6000E-03,-5.000E-03
-1.2000E-03,-5.8000E-03
-8.0000E-04,-4.2000E-03
-4.0000E-04,-2.6000E-03
0E+00,2.000E-03
4.0000E-04,4.8000E-03
8.0000E-04,6.000E-03
1.2000E-03,6.6000E-03
1.6000E-03,4.000E-03
2.000E-03,1.2000E-03
2.4000E-03,-1.4000E-03
2.8000E-03,-4.4000E-03
3.2000E-03,-5.4000E-03
3.6000E-03,-4.6000E-03
4.000E-03,-2.4000E-03
4.4000E-03,8.0000E-04
4.8000E-03,4.000E-03
5.2000E-03,5.6000E-03
5.6000E-03,6.4000E-03
6.000E-03,4.8000E-03
6.4000E-03,2.8000E-03
6.8000E-03,-4.0000E-04
7.2000E-03,-3.8000E-03
7.6000E-03,-5.6000E-03
8.000E-03,-5.2000E-03
8.4000E-03,-4.000E-03
8.8000E-03,-1.2000E-03
9.2000E-03,2.8000E-03
9.6000E-03,4.8000E-03
1.00E-02,7.6000E-03
1.0400E-02,5.8000E-03
1.0800E-02,3.000E-03
1.1200E-02,8.0000E-04
1.1600E-02,-2.6000E-03
1.200E-02,-4.8000E-03
1.2400E-02,-6.000E-03
1.2800E-02,-4.4000E-03
1.3200E-02,-1.6000E-03
1.3600E-02,1.6000E-03
1.400E-02,4.4000E-03
1.4400E-02,6.2000E-03
1.4800E-02,6.000E-03
1.5200E-02,4.2000E-03
1.5600E-02,1.2000E-03
1.600E-02,-1.6000E-03
1.6400E-02,-4.4000E-03
1.6800E-02,-5.4000E-03
1.7200E-02,-5.000E-03
1.7600E-02,-2.8000E-03
1.800E-02,2.0000E-04
1.8400E-02,3.6000E-03
1.8800E-02,5.4000E-03
1.9200E-02,6.4000E-03
1.9600E-02,4.8000E-03
2.00E-02,2.4000E-03
2.0400E-02,-4.0000E-04
2.0800E-02,-3.2000E-03
2.1200E-02,-5.000E-03
2.1600E-02,-5.4000E-03
2.200E-02,-2.8000E-03
2.2400E-02,-6.0000E-04
2.2800E-02,2.6000E-03
2.3200E-02,6.000E-03
2.3600E-02,6.000E-03
2.400E-02,6.4000E-03
2.4400E-02,4.000E-03
2.4800E-02,8.0000E-04
2.5200E-02,-2.4000E-03
2.5600E-02,-5.000E-03
2.600E-02,-5.4000E-03
2.6400E-02,-4.4000E-03
2.6800E-02,-1.6000E-03
2.7200E-02,1.2000E-03
2.7600E-02,4.000E-03
2.800E-02,6.000E-03
2.8400E-02,6.8000E-03
2.8800E-02,4.4000E-03
2.9200E-02,1.6000E-03
2.9600E-02,-1.4000E-03
3.00E-02,-4.4000E-03
3.0400E-02,-5.6000E-03
3.0800E-02,-5.8000E-03
3.1200E-02,-2.8000E-03
3.1600E-02,8.0000E-04
3.200E-02,3.8000E-03
3.2400E-02,6.000E-03
3.2800E-02,6.2000E-03
3.3200E-02,5.4000E-03
3.3600E-02,2.8000E-03
3.400E-02,-1.000E-03
3.4400E-02,-3.2000E-03
3.4800E-02,-5.2000E-03
3.5200E-02,-5.4000E-03
3.5600E-02,-3.6000E-03
3.600E-02,-1.2000E-03
3.6400E-02,2.6000E-03
3.6800E-02,5.2000E-03
3.7200E-02,6.2000E-03
3.7600E-02,6.2000E-03
3.800E-02,3.6000E-03
3.8400E-02,4.0000E-04
3.8800E-02,-2.000E-03
3.9200E-02,-4.6000E-03
3.9600E-02,-5.2000E-03
4.00E-02,-4.000E-03
4.0400E-02,-2.000E-03
4.0800E-02,1.4000E-03
4.1200E-02,4.000E-03
4.1600E-02,6.000E-03
4.200E-02,6.4000E-03
4.2400E-02,5.000E-03
4.2800E-02,1.6000E-03
4.3200E-02,-1.6000E-03
4.3600E-02,-4.6000E-03
4.400E-02,-5.6000E-03
4.4400E-02,-5.8000E-03
4.4800E-02,-3.2000E-03
4.5200E-02,0E+00
4.5600E-02,3.6000E-03
4.600E-02,5.6000E-03
4.6400E-02,6.2000E-03
4.6800E-02,4.8000E-03
4.7200E-02,2.8000E-03
4.7600E-02,-2.0000E-04
4.800E-02,-3.000E-03
4.8400E-02,-5.4000E-03
4.8800E-02,-5.8000E-03
4.9200E-02,-3.6000E-03
4.9600E-02,-1.2000E-03
5.00E-02,2.2000E-03
5.0400E-02,4.8000E-03
5.0800E-02,6.6000E-03
5.1200E-02,5.6000E-03
5.1600E-02,3.4000E-03
5.200E-02,6.0000E-04
5.2400E-02,-3.8000E-03
5.2800E-02,-4.2000E-03
5.3200E-02,-5.6000E-03
5.3600E-02,-5.2000E-03
5.400E-02,-2.4000E-03
5.4400E-02,1.6000E-03
5.4800E-02,3.6000E-03
5.5200E-02,6.000E-03
5.5600E-02,5.8000E-03
5.600E-02,4.8000E-03
5.6400E-02,1.8000E-03
5.6800E-02,-1.2000E-03
5.7200E-02,-2.000E-03
5.7600E-02,-5.6000E-03
5.800E-02,-5.000E-03
5.8400E-02,-3.000E-03
5.8800E-02,-6.0000E-04
5.9200E-02,2.8000E-03
5.9600E-02,5.6000E-03
6.00E-02,6.6000E-03
6.0400E-02,5.8000E-03
6.0800E-02,2.8000E-03
6.1200E-02,-4.0000E-04
6.1600E-02,-3.2000E-03
6.200E-02,-5.2000E-03
6.2400E-02,-5.2000E-03
6.2800E-02,-4.4000E-03
6.3200E-02,-1.6000E-03
6.3600E-02,2.4000E-03
6.400E-02,4.4000E-03
6.4400E-02,6.2000E-03
6.4800E-02,5.4000E-03
6.5200E-02,4.000E-03
6.5600E-02,8.0000E-04
6.600E-02,-2.4000E-03
6.6400E-02,-4.6000E-03
6.6800E-02,-5.4000E-03
6.7200E-02,-4.000E-03
6.7600E-02,-2.4000E-03
6.800E-02,4.0000E-04
6.8400E-02,3.6000E-03
6.8800E-02,6.000E-03
6.9200E-02,6.6000E-03
6.9600E-02,4.8000E-03
7.00E-02,2.000E-03
7.0400E-02,-4.0000E-04
7.0800E-02,-3.6000E-03
7.1200E-02,-4.4000E-03
7.1600E-02,-5.2000E-03
7.200E-02,-3.4000E-03
7.2400E-02,-4.0000E-04
7.2800E-02,2.6000E-03
7.3200E-02,5.2000E-03
7.3600E-02,6.6000E-03
7.400E-02,5.6000E-03
7.4400E-02,3.2000E-03
7.4800E-02,8.0000E-04
7.5200E-02,-2.6000E-03
7.5600E-02,-5.2000E-03
7.600E-02,-5.000E-03
7.6400E-02,-4.000E-03
7.6800E-02,-1.2000E-03
7.7200E-02,2.000E-03
7.7600E-02,5.000E-03
7.800E-02,6.6000E-03
7.8400E-02,6.000E-03
7.8800E-02,4.2000E-03
7.9200E-02,4.0000E-04
7.9600E-02,-2.8000E-03
8.00E-02,-4.4000E-03
8.0400E-02,-5.000E-03
8.0800E-02,-4.8000E-03
8.1200E-02,-2.2000E-03
8.1600E-02,4.0000E-04
8.200E-02,3.8000E-03
8.2400E-02,5.8000E-03
8.2800E-02,6.2000E-03
8.3200E-02,4.8000E-03
8.3600E-02,2.2000E-03
8.400E-02,-8.0000E-04
8.4400E-02,-3.2000E-03
8.4800E-02,-5.000E-03
8.5200E-02,-5.4000E-03
8.5600E-02,-3.6000E-03
8.600E-02,-6.0000E-04
8.6400E-02,2.8000E-03
8.6800E-02,4.8000E-03
8.7200E-02,6.8000E-03
8.7600E-02,5.6000E-03
8.800E-02,2.8000E-03
8.8400E-02,0E+00
8.8800E-02,-2.4000E-03
8.9200E-02,-4.8000E-03
8.9600E-02,-5.4000E-03
9.00E-02,-4.6000E-03
9.0400E-02,-2.000E-03
9.0800E-02,1.2000E-03
9.1200E-02,6.000E-03
9.1600E-02,6.000E-03
9.200E-02,6.000E-03
9.2400E-02,4.000E-03
9.2800E-02,1.2000E-03
9.3200E-02,-2.2000E-03
9.3600E-02,-4.4000E-03
9.400E-02,-5.4000E-03
9.4400E-02,-4.4000E-03
9.4800E-02,-2.8000E-03
9.5200E-02,4.0000E-04
9.5600E-02,4.6000E-03
9.600E-02,6.000E-03
9.6400E-02,6.4000E-03
9.6800E-02,4.8000E-03
9.7200E-02,2.4000E-03
9.7600E-02,-1.2000E-03
9.800E-02,-3.2000E-03
9.8400E-02,-5.2000E-03
9.8800E-02,-5.6000E-03
9.9200E-02,-3.6000E-03
9.9600E-02,-6.0000E-04
1.0E-01,2.4000E-03
1.0040E-01,5.4000E-03
1.0080E-01,6.2000E-03
1.0120E-01,5.6000E-03
1.0160E-01,3.4000E-03
1.020E-01,4.0000E-04
1.0240E-01,-2.2000E-03
1.0280E-01,-4.8000E-03
1.0320E-01,-6.000E-03
1.0360E-01,-4.6000E-03
1.040E-01,-2.000E-03
1.0440E-01,1.8000E-03
1.0480E-01,4.4000E-03
1.0520E-01,6.4000E-03
1.0560E-01,6.4000E-03
1.060E-01,4.4000E-03
1.0640E-01,1.8000E-03
1.0680E-01,-1.4000E-03
1.0720E-01,-4.000E-03
1.0760E-01,-4.8000E-03
1.080E-01,-4.6000E-03
1.0840E-01,-3.000E-03
1.0880E-01,4.0000E-04
1.0920E-01,3.4000E-03
1.0960E-01,6.000E-03
1.10E-01,6.2000E-03
1.1040E-01,4.8000E-03
1.1080E-01,2.4000E-03
1.1120E-01,-1.2000E-03
1.1160E-01,-3.000E-03
1.120E-01,-4.8000E-03
1.1240E-01,-5.2000E-03
1.1280E-01,-3.2000E-03
1.1320E-01,-8.0000E-04
1.1360E-01,2.4000E-03
1.140E-01,5.4000E-03
1.1440E-01,6.4000E-03
1.1480E-01,5.8000E-03
1.1520E-01,3.6000E-03
1.1560E-01,0E+00
1.160E-01,-2.8000E-03
1.1640E-01,-4.6000E-03
1.1680E-01,-5.000E-03
1.1720E-01,-4.4000E-03
1.1760E-01,-1.6000E-03
1.180E-01,1.6000E-03
1.1840E-01,3.8000E-03
1.1880E-01,6.4000E-03
1.1920E-01,6.2000E-03
1.1960E-01,4.6000E-03
1.20E-01,2.000E-03
1.2040E-01,-1.4000E-03
1.2080E-01,-3.4000E-03
1.2120E-01,-5.2000E-03
1.2160E-01,-4.6000E-03
1.220E-01,-2.8000E-03
1.2240E-01,-6.0000E-04
1.2280E-01,2.4000E-03
1.2320E-01,5.2000E-03
1.2360E-01,6.2000E-03
1.240E-01,5.8000E-03
1.2440E-01,3.000E-03
1.2480E-01,2.0000E-04
1.2520E-01,-3.4000E-03
1.2560E-01,-5.4000E-03
1.260E-01,-5.6000E-03
1.2640E-01,-3.4000E-03
1.2680E-01,-1.4000E-03
1.2720E-01,2.000E-03
1.2760E-01,5.000E-03
1.280E-01,6.4000E-03
1.2840E-01,6.2000E-03
1.2880E-01,3.6000E-03
1.2920E-01,0E+00
1.2960E-01,-2.8000E-03
1.30E-01,-4.6000E-03
1.3040E-01,-5.8000E-03
1.3080E-01,-4.4000E-03
1.3120E-01,-1.8000E-03
1.3160E-01,1.2000E-03
1.320E-01,4.000E-03
1.3240E-01,5.4000E-03
1.3280E-01,6.8000E-03
1.3320E-01,4.4000E-03
1.3360E-01,1.4000E-03
1.340E-01,-2.000E-03
1.3440E-01,-3.6000E-03
1.3480E-01,-5.000E-03
1.3520E-01,-4.4000E-03
1.3560E-01,-3.000E-03
1.360E-01,-2.0000E-04
1.3640E-01,2.8000E-03
1.3680E-01,5.2000E-03
1.3720E-01,6.000E-03
1.3760E-01,5.4000E-03
1.380E-01,2.8000E-03
1.3840E-01,-4.0000E-04
1.3880E-01,-3.4000E-03
1.3920E-01,-4.6000E-03
1.3960E-01,-4.6000E-03
1.40E-01,-3.6000E-03
1.4040E-01,-1.000E-03
1.4080E-01,2.000E-03
1.4120E-01,4.2000E-03
1.4160E-01,6.2000E-03
1.420E-01,5.8000E-03
1.4240E-01,3.6000E-03
1.4280E-01,1.000E-03
1.4320E-01,-2.2000E-03
1.4360E-01,-4.4000E-03
1.440E-01,-5.2000E-03
1.4440E-01,-4.000E-03
1.4480E-01,-2.4000E-03
1.4520E-01,1.000E-03
1.4560E-01,3.8000E-03
1.460E-01,6.000E-03
1.4640E-01,6.2000E-03
1.4680E-01,4.8000E-03
1.4720E-01,1.6000E-03
1.4760E-01,8.0000E-04
1.480E-01,8.0000E-04
1.4840E-01,8.0000E-04
1.4880E-01,4.0000E-04
1.4920E-01,4.0000E-04
1.4960E-01,4.0000E-04
1.50E-01,2.0000E-04
1.5040E-01,6.0000E-04
1.5080E-01,0E+00
1.5120E-01,6.0000E-04
1.5160E-01,2.0000E-04
1.520E-01,2.0000E-04
1.5240E-01,4.0000E-04
1.5280E-01,2.0000E-04
1.5320E-01,2.0000E-04
1.5360E-01,-2.0000E-04
1.540E-01,0E+00
1.5440E-01,0E+00
1.5480E-01,-2.0000E-04
1.5520E-01,0E+00
1.5560E-01,2.0000E-04
1.560E-01,4.0000E-04
1.5640E-01,8.0000E-04
1.5680E-01,8.0000E-04
1.5720E-01,2.0000E-04
1.5760E-01,6.0000E-04
1.580E-01,4.0000E-04
1.5840E-01,8.0000E-04
1.5880E-01,6.0000E-04
1.5920E-01,8.0000E-04
1.5960E-01,2.0000E-04
1.60E-01,2.0000E-04
1.6040E-01,0E+00
1.6080E-01,-6.0000E-04
1.6120E-01,8.0000E-04
1.6160E-01,6.0000E-04
1.620E-01,6.0000E-04
1.6240E-01,1.000E-03
1.6280E-01,2.0000E-04
1.6320E-01,2.0000E-04
1.6360E-01,6.0000E-04
1.640E-01,6.0000E-04
1.6440E-01,1.4000E-03
1.6480E-01,8.0000E-04
1.6520E-01,4.0000E-04
1.6560E-01,4.0000E-04
1.660E-01,4.0000E-04
1.6640E-01,4.0000E-04
1.6680E-01,2.0000E-04
1.6720E-01,6.0000E-04
1.6760E-01,-2.0000E-04
1.680E-01,8.0000E-04
1.6840E-01,6.0000E-04
1.6880E-01,2.0000E-04
1.6920E-01,4.0000E-04
1.6960E-01,2.0000E-04
1.70E-01,2.0000E-04
1.7040E-01,-2.0000E-04
1.7080E-01,0E+00
1.7120E-01,0E+00
1.7160E-01,0E+00
1.720E-01,-4.0000E-04
1.7240E-01,2.0000E-04
1.7280E-01,4.0000E-04
1.7320E-01,0E+00
1.7360E-01,0E+00
1.740E-01,4.0000E-04
1.7440E-01,4.0000E-04
1.7480E-01,4.0000E-04
1.7520E-01,4.0000E-04
1.7560E-01,4.0000E-04
1.760E-01,4.0000E-04
1.7640E-01,8.0000E-04
1.7680E-01,2.0000E-04
1.7720E-01,8.0000E-04
1.7760E-01,2.0000E-04
1.780E-01,8.0000E-04
1.7840E-01,6.0000E-04
1.7880E-01,6.0000E-04
1.7920E-01,0E+00
1.7960E-01,4.0000E-04
1.80E-01,0E+00
1.8040E-01,6.0000E-04
1.8080E-01,6.0000E-04
1.8120E-01,0E+00
1.8160E-01,4.0000E-04
1.820E-01,8.0000E-04
1.8240E-01,0E+00
1.8280E-01,4.0000E-04
1.8320E-01,4.0000E-04
1.8360E-01,0E+00
1.840E-01,2.0000E-04
1.8440E-01,8.0000E-04
1.8480E-01,0E+00
1.8520E-01,0E+00
1.8560E-01,0E+00
1.860E-01,4.0000E-04
1.8640E-01,0E+00
1.8680E-01,1.2000E-03
1.8720E-01,4.0000E-04
1.8760E-01,6.0000E-04
1.880E-01,8.0000E-04
1.8840E-01,4.0000E-04
1.8880E-01,2.0000E-04
1.8920E-01,4.0000E-04
1.8960E-01,6.0000E-04
1.90E-01,6.0000E-04
1.9040E-01,6.0000E-04
1.9080E-01,6.0000E-04
1.9120E-01,4.0000E-04
1.9160E-01,4.0000E-04
1.920E-01,4.0000E-04
1.9240E-01,2.0000E-04
1.9280E-01,8.0000E-04
1.9320E-01,-2.0000E-04
1.9360E-01,4.0000E-04
1.940E-01,0E+00
1.9440E-01,2.0000E-04
1.9480E-01,0E+00
1.9520E-01,-6.0000E-04
1.9560E-01,2.0000E-04
1.960E-01,4.0000E-04
1.9640E-01,8.0000E-04
1.9680E-01,6.0000E-04
1.9720E-01,8.0000E-04
1.9760E-01,6.0000E-04
1.980E-01,6.0000E-04
1.9840E-01,8.0000E-04
1.9880E-01,8.0000E-04
1.9920E-01,6.0000E-04
1.9960E-01,4.0000E-04
2.0E-01,0E+00
2.0040E-01,6.0000E-04
2.0080E-01,0E+00
2.0120E-01,2.0000E-04
2.0160E-01,0E+00
2.020E-01,2.0000E-04
2.0240E-01,4.0000E-04
2.0280E-01,4.0000E-04
2.0320E-01,2.0000E-04
2.0360E-01,-4.0000E-04
2.040E-01,0E+00
2.0440E-01,4.0000E-04
2.0480E-01,-2.0000E-04
2.0520E-01,4.0000E-04
2.0560E-01,4.0000E-04
2.060E-01,8.0000E-04
2.0640E-01,4.0000E-04
2.0680E-01,8.0000E-04
2.0720E-01,8.0000E-04
2.0760E-01,4.0000E-04
2.080E-01,6.0000E-04
2.0840E-01,4.0000E-04
2.0880E-01,6.0000E-04
2.0920E-01,8.0000E-04
2.0960E-01,4.0000E-04
2.10E-01,0E+00
2.1040E-01,4.0000E-04
2.1080E-01,4.0000E-04
2.1120E-01,2.0000E-04
2.1160E-01,6.0000E-04
2.120E-01,4.0000E-04
2.1240E-01,4.0000E-04
2.1280E-01,6.0000E-04
2.1320E-01,6.0000E-04
2.1360E-01,4.0000E-04
2.140E-01,-2.0000E-04
2.1440E-01,4.0000E-04
2.1480E-01,0E+00
2.1520E-01,6.0000E-04
2.1560E-01,4.0000E-04
2.160E-01,6.0000E-04
2.1640E-01,8.0000E-04
2.1680E-01,4.0000E-04
2.1720E-01,6.0000E-04
2.1760E-01,4.0000E-04
2.180E-01,6.0000E-04
2.1840E-01,6.0000E-04
2.1880E-01,0E+00
2.1920E-01,4.0000E-04
2.1960E-01,4.0000E-04
2.20E-01,0E+00
2.2040E-01,-4.0000E-04
2.2080E-01,2.0000E-04
2.2120E-01,4.0000E-04
2.2160E-01,6.0000E-04
2.220E-01,-4.0000E-04
2.2240E-01,6.0000E-04
2.2280E-01,6.0000E-04
2.2320E-01,6.0000E-04
2.2360E-01,2.0000E-04
2.240E-01,2.0000E-04
2.2440E-01,2.0000E-04
2.2480E-01,2.0000E-04
2.2520E-01,4.0000E-04
2.2560E-01,6.0000E-04
2.260E-01,4.0000E-04
2.2640E-01,4.0000E-04
2.2680E-01,4.0000E-04
2.2720E-01,4.0000E-04
2.2760E-01,8.0000E-04
2.280E-01,6.0000E-04
2.2840E-01,6.0000E-04
2.2880E-01,4.0000E-04
2.2920E-01,1.000E-03
2.2960E-01,2.0000E-04
2.30E-01,0E+00
2.3040E-01,2.0000E-04
2.3080E-01,0E+00
2.3120E-01,4.0000E-04
2.3160E-01,2.0000E-04
2.320E-01,4.0000E-04
2.3240E-01,2.0000E-04
2.3280E-01,2.0000E-04
2.3320E-01,-2.0000E-04
2.3360E-01,8.0000E-04
2.340E-01,4.0000E-04
2.3440E-01,6.0000E-04
2.3480E-01,4.0000E-04
2.3520E-01,4.0000E-04
2.3560E-01,4.0000E-04
2.360E-01,6.0000E-04
2.3640E-01,4.0000E-04
2.3680E-01,8.0000E-04
2.3720E-01,4.0000E-04
2.3760E-01,4.0000E-04
2.380E-01,1.000E-03
2.3840E-01,2.0000E-04
2.3880E-01,2.0000E-04
2.3920E-01,4.0000E-04
2.3960E-01,6.0000E-04
2.40E-01,2.0000E-04
2.4040E-01,4.0000E-04
2.4080E-01,0E+00
2.4120E-01,8.0000E-04
2.4160E-01,6.0000E-04
2.420E-01,0E+00
2.4240E-01,4.0000E-04
2.4280E-01,6.0000E-04
2.4320E-01,2.0000E-04
2.4360E-01,2.0000E-04
2.440E-01,0E+00
2.4440E-01,4.0000E-04
2.4480E-01,2.0000E-04
2.4520E-01,6.0000E-04
2.4560E-01,2.0000E-04
2.460E-01,4.0000E-04
2.4640E-01,2.0000E-04
2.4680E-01,-2.0000E-04
2.4720E-01,1.000E-03
2.4760E-01,4.0000E-04
2.480E-01,8.0000E-04
2.4840E-01,4.0000E-04
2.4880E-01,8.0000E-04
2.4920E-01,6.0000E-04
2.4960E-01,4.0000E-04
2.50E-01,4.0000E-04
2.5040E-01,6.0000E-04
2.5080E-01,2.0000E-04
2.5120E-01,4.0000E-04
2.5160E-01,6.0000E-04
2.520E-01,6.0000E-04
2.5240E-01,8.0000E-04
2.5280E-01,2.0000E-04
2.5320E-01,8.0000E-04
2.5360E-01,4.0000E-04
2.540E-01,4.0000E-04
2.5440E-01,4.0000E-04
2.5480E-01,4.0000E-04
2.5520E-01,4.0000E-04
2.5560E-01,6.0000E-04
2.560E-01,6.0000E-04
2.5640E-01,4.0000E-04
2.5680E-01,2.0000E-04
2.5720E-01,4.0000E-04
2.5760E-01,4.0000E-04
2.580E-01,8.0000E-04
2.5840E-01,2.0000E-04
2.5880E-01,2.0000E-04
2.5920E-01,1.8000E-03
2.5960E-01,1.000E-03
2.60E-01,6.0000E-04
2.6040E-01,4.0000E-04
2.6080E-01,6.0000E-04
2.6120E-01,6.0000E-04
2.6160E-01,2.0000E-04
2.620E-01,2.0000E-04
2.6240E-01,2.0000E-04
2.6280E-01,2.0000E-04
2.6320E-01,4.0000E-04
2.6360E-01,2.0000E-04
2.640E-01,4.0000E-04
2.6440E-01,6.0000E-04
2.6480E-01,4.0000E-04
2.6520E-01,6.0000E-04
2.6560E-01,8.0000E-04
2.660E-01,4.0000E-04
2.6640E-01,2.0000E-04
2.6680E-01,4.0000E-04
2.6720E-01,2.0000E-04
2.6760E-01,2.0000E-04
2.680E-01,2.0000E-04
2.6840E-01,4.0000E-04
2.6880E-01,2.0000E-04
2.6920E-01,6.0000E-04
2.6960E-01,4.0000E-04
2.70E-01,0E+00
2.7040E-01,8.0000E-04
2.7080E-01,2.0000E-04
2.7120E-01,4.0000E-04
2.7160E-01,4.0000E-04
2.720E-01,6.0000E-04
2.7240E-01,0E+00
2.7280E-01,8.0000E-04
2.7320E-01,4.0000E-04
2.7360E-01,8.0000E-04
2.740E-01,2.0000E-04
2.7440E-01,8.0000E-04
2.7480E-01,2.0000E-04
2.7520E-01,4.0000E-04
2.7560E-01,6.0000E-04
2.760E-01,4.0000E-04
2.7640E-01,8.0000E-04
2.7680E-01,8.0000E-04
2.7720E-01,6.0000E-04
2.7760E-01,0E+00
2.780E-01,2.0000E-04
2.7840E-01,4.0000E-04
2.7880E-01,-6.0000E-04
2.7920E-01,0E+00
2.7960E-01,2.0000E-04
2.80E-01,2.0000E-04
2.8040E-01,4.0000E-04
2.8080E-01,6.0000E-04
2.8120E-01,4.0000E-04
2.8160E-01,2.0000E-04
2.820E-01,4.0000E-04
2.8240E-01,6.0000E-04
2.8280E-01,8.0000E-04
2.8320E-01,8.0000E-04
2.8360E-01,0E+00
2.840E-01,4.0000E-04
2.8440E-01,1.2000E-03
2.8480E-01,2.0000E-04
2.8520E-01,2.0000E-04
2.8560E-01,2.0000E-04
2.860E-01,0E+00
2.8640E-01,4.0000E-04
2.8680E-01,1.2000E-03
2.8720E-01,4.0000E-04
2.8760E-01,4.0000E-04
2.880E-01,4.0000E-04
2.8840E-01,6.0000E-04
2.8880E-01,0E+00
2.8920E-01,0E+00
2.8960E-01,4.0000E-04
2.90E-01,0E+00
2.9040E-01,2.0000E-04
2.9080E-01,2.0000E-04
2.9120E-01,4.0000E-04
2.9160E-01,4.0000E-04
2.920E-01,4.0000E-04
2.9240E-01,2.0000E-04
2.9280E-01,2.0000E-04
2.9320E-01,8.0000E-04
2.9360E-01,8.0000E-04
2.940E-01,8.0000E-04
2.9440E-01,4.0000E-04
2.9480E-01,8.0000E-04
2.9520E-01,4.0000E-04
2.9560E-01,4.0000E-04
2.960E-01,6.0000E-04
2.9640E-01,8.0000E-04
2.9680E-01,4.0000E-04
2.9720E-01,4.0000E-04
2.9760E-01,4.0000E-04
2.980E-01,6.0000E-04
2.9840E-01,4.0000E-04
2.9880E-01,4.0000E-04
2.9920E-01,0E+00
2.9960E-01,2.0000E-04
3.0E-01,6.0000E-04
3.0040E-01,4.0000E-04
3.0080E-01,6.0000E-04
3.0120E-01,4.0000E-04
3.0160E-01,0E+00
3.020E-01,0E+00
3.0240E-01,6.0000E-04
3.0280E-01,4.0000E-04
3.0320E-01,4.0000E-04
3.0360E-01,2.0000E-04
3.040E-01,2.0000E-04
3.0440E-01,0E+00
3.0480E-01,6.0000E-04
3.0520E-01,1.000E-03
3.0560E-01,6.0000E-04
3.060E-01,2.0000E-04
3.0640E-01,4.0000E-04
3.0680E-01,8.0000E-04
3.0720E-01,4.0000E-04
3.0760E-01,4.0000E-04
3.080E-01,4.0000E-04
3.0840E-01,6.0000E-04
3.0880E-01,-8.0000E-04
3.0920E-01,4.0000E-04
3.0960E-01,4.0000E-04
3.10E-01,8.0000E-04
3.1040E-01,4.0000E-04
3.1080E-01,0E+00
3.1120E-01,0E+00
3.1160E-01,4.0000E-04
3.120E-01,4.0000E-04
3.1240E-01,6.0000E-04
3.1280E-01,2.0000E-04
3.1320E-01,4.0000E-04
3.1360E-01,4.0000E-04
3.140E-01,4.0000E-04
3.1440E-01,6.0000E-04
3.1480E-01,4.0000E-04
3.1520E-01,4.0000E-04
3.1560E-01,6.0000E-04
3.160E-01,2.0000E-04
3.1640E-01,6.0000E-04
3.1680E-01,2.0000E-04
3.1720E-01,8.0000E-04
3.1760E-01,0E+00
3.180E-01,0E+00
3.1840E-01,6.0000E-04
3.1880E-01,4.0000E-04
3.1920E-01,4.0000E-04
3.1960E-01,4.0000E-04
3.20E-01,2.0000E-04
3.2040E-01,8.0000E-04
3.2080E-01,2.0000E-04
3.2120E-01,4.0000E-04
3.2160E-01,8.0000E-04
3.220E-01,2.0000E-04
3.2240E-01,2.0000E-04
3.2280E-01,4.0000E-04
3.2320E-01,4.0000E-04
3.2360E-01,8.0000E-04
3.240E-01,6.0000E-04
3.2440E-01,4.0000E-04
3.2480E-01,2.0000E-04
3.2520E-01,8.0000E-04
3.2560E-01,4.0000E-04
3.260E-01,1.000E-03
3.2640E-01,6.0000E-04
3.2680E-01,6.0000E-04
3.2720E-01,0E+00
3.2760E-01,0E+00
3.280E-01,4.0000E-04
3.2840E-01,0E+00
3.2880E-01,8.0000E-04
3.2920E-01,4.0000E-04
3.2960E-01,4.0000E-04
3.30E-01,4.0000E-04
3.3040E-01,6.0000E-04
3.3080E-01,0E+00
3.3120E-01,-4.0000E-04
3.3160E-01,4.0000E-04
3.320E-01,2.0000E-04
3.3240E-01,4.0000E-04
3.3280E-01,8.0000E-04
3.3320E-01,0E+00
3.3360E-01,4.0000E-04
3.340E-01,2.0000E-04
3.3440E-01,8.0000E-04
3.3480E-01,6.0000E-04
3.3520E-01,2.0000E-04
3.3560E-01,4.0000E-04
3.360E-01,4.0000E-04
3.3640E-01,4.0000E-04
3.3680E-01,4.0000E-04
3.3720E-01,2.0000E-04
3.3760E-01,-2.0000E-04
3.380E-01,4.0000E-04
3.3840E-01,4.0000E-04
3.3880E-01,2.0000E-04
3.3920E-01,2.0000E-04
3.3960E-01,8.0000E-04
3.40E-01,4.0000E-04
3.4040E-01,6.0000E-04
3.4080E-01,6.0000E-04
3.4120E-01,4.0000E-04
3.4160E-01,8.0000E-04
3.420E-01,0E+00
3.4240E-01,6.0000E-04
3.4280E-01,6.0000E-04
3.4320E-01,4.0000E-04
3.4360E-01,2.0000E-04
3.440E-01,1.2000E-03
3.4440E-01,6.0000E-04
3.4480E-01,1.000E-03
3.4520E-01,6.0000E-04
3.4560E-01,0E+00
3.460E-01,4.0000E-04
3.4640E-01,2.0000E-04
3.4680E-01,6.0000E-04
3.4720E-01,4.0000E-04
3.4760E-01,4.0000E-04
3.480E-01,2.0000E-04
3.4840E-01,4.0000E-04
3.4880E-01,4.0000E-04
3.4920E-01,6.0000E-04
3.4960E-01,4.0000E-04
3.50E-01,4.0000E-04
3.5040E-01,4.0000E-04
3.5080E-01,2.0000E-04
3.5120E-01,6.0000E-04
3.5160E-01,2.0000E-04
3.520E-01,0E+00
3.5240E-01,6.0000E-04
3.5280E-01,4.0000E-04
3.5320E-01,2.0000E-04
3.5360E-01,0E+00
3.540E-01,8.0000E-04
3.5440E-01,2.0000E-04
3.5480E-01,4.0000E-04
3.5520E-01,4.0000E-04
3.5560E-01,4.0000E-04
3.560E-01,4.0000E-04
3.5640E-01,2.0000E-04
3.5680E-01,2.0000E-04
3.5720E-01,4.0000E-04
3.5760E-01,4.0000E-04
3.580E-01,6.0000E-04
3.5840E-01,4.0000E-04
3.5880E-01,6.0000E-04
3.5920E-01,0E+00
3.5960E-01,4.0000E-04
3.60E-01,4.0000E-04
3.6040E-01,4.0000E-04
3.6080E-01,0E+00
3.6120E-01,8.0000E-04
3.6160E-01,4.0000E-04
3.620E-01,1.2000E-03
3.6240E-01,6.0000E-04
3.6280E-01,6.0000E-04
3.6320E-01,4.0000E-04
3.6360E-01,8.0000E-04
3.640E-01,2.0000E-04
3.6440E-01,2.0000E-04
3.6480E-01,2.0000E-04
3.6520E-01,4.0000E-04
3.6560E-01,6.0000E-04
3.660E-01,1.000E-03
3.6640E-01,2.0000E-04
3.6680E-01,4.0000E-04
3.6720E-01,4.0000E-04
3.6760E-01,6.0000E-04
3.680E-01,4.0000E-04
3.6840E-01,4.0000E-04
3.6880E-01,2.0000E-04
3.6920E-01,4.0000E-04
3.6960E-01,0E+00
3.70E-01,6.0000E-04
3.7040E-01,4.0000E-04
3.7080E-01,4.0000E-04
3.7120E-01,6.0000E-04
3.7160E-01,6.0000E-04
3.720E-01,2.0000E-04
3.7240E-01,4.0000E-04
3.7280E-01,4.0000E-04
3.7320E-01,8.0000E-04
3.7360E-01,-2.0000E-04
3.740E-01,4.0000E-04
3.7440E-01,6.0000E-04
3.7480E-01,0E+00
3.7520E-01,4.0000E-04
3.7560E-01,4.0000E-04
3.760E-01,0E+00
3.7640E-01,4.0000E-04
3.7680E-01,8.0000E-04
3.7720E-01,4.0000E-04
3.7760E-01,6.0000E-04
3.780E-01,2.0000E-04
3.7840E-01,4.0000E-04
3.7880E-01,6.0000E-04
3.7920E-01,2.0000E-04
3.7960E-01,8.0000E-04
3.80E-01,2.0000E-04
3.8040E-01,4.0000E-04
3.8080E-01,4.0000E-04
3.8120E-01,6.0000E-04
3.8160E-01,0E+00
3.820E-01,2.0000E-04
3.8240E-01,-4.0000E-04
3.8280E-01,-4.0000E-04
3.8320E-01,2.0000E-04
3.8360E-01,4.0000E-04
3.840E-01,4.0000E-04
3.8440E-01,2.0000E-04
3.8480E-01,6.0000E-04
3.8520E-01,0E+00
3.8560E-01,4.0000E-04
3.860E-01,6.0000E-04
3.8640E-01,2.0000E-04
3.8680E-01,4.0000E-04
3.8720E-01,2.0000E-04
3.8760E-01,2.0000E-04
3.880E-01,8.0000E-04
3.8840E-01,6.0000E-04
3.8880E-01,8.0000E-04
3.8920E-01,4.0000E-04
3.8960E-01,1.000E-03
3.90E-01,2.0000E-04
3.9040E-01,4.0000E-04
3.9080E-01,2.0000E-04
3.9120E-01,6.0000E-04
3.9160E-01,6.0000E-04
3.920E-01,2.0000E-04
3.9240E-01,4.0000E-04
3.9280E-01,4.0000E-04
3.9320E-01,4.0000E-04
3.9360E-01,2.0000E-04
3.940E-01,4.0000E-04
3.9440E-01,4.0000E-04
3.9480E-01,2.0000E-04
3.9520E-01,4.0000E-04
3.9560E-01,4.0000E-04
3.960E-01,4.0000E-04
3.9640E-01,2.0000E-04
3.9680E-01,8.0000E-04
3.9720E-01,6.0000E-04
3.9760E-01,4.0000E-04
3.980E-01,2.0000E-04
3.9840E-01,2.0000E-04
3.9880E-01,8.0000E-04
3.9920E-01,8.0000E-04
3.9960E-01,8.0000E-04
4.0E-01,2.0000E-04
4.0040E-01,8.0000E-04
4.0080E-01,2.0000E-04
4.0120E-01,4.0000E-04
4.0160E-01,8.0000E-04
4.020E-01,4.0000E-04
4.0240E-01,2.0000E-04
4.0280E-01,0E+00
4.0320E-01,6.0000E-04
4.0360E-01,8.0000E-04
4.040E-01,4.0000E-04
4.0440E-01,4.0000E-04
4.0480E-01,8.0000E-04
4.0520E-01,8.0000E-04
4.0560E-01,2.0000E-04
4.060E-01,8.0000E-04
4.0640E-01,6.0000E-04
4.0680E-01,2.0000E-04
4.0720E-01,8.0000E-04
4.0760E-01,6.0000E-04
4.080E-01,4.0000E-04
4.0840E-01,4.0000E-04
4.0880E-01,2.0000E-04
4.0920E-01,4.0000E-04
4.0960E-01,-2.0000E-04
4.10E-01,4.0000E-04
4.1040E-01,0E+00
4.1080E-01,6.0000E-04
4.1120E-01,2.0000E-04
4.1160E-01,4.0000E-04
4.120E-01,4.0000E-04
4.1240E-01,8.0000E-04
4.1280E-01,-4.0000E-04
4.1320E-01,4.0000E-04
4.1360E-01,6.0000E-04
4.140E-01,4.0000E-04
4.1440E-01,6.0000E-04
4.1480E-01,8.0000E-04
4.1520E-01,8.0000E-04
4.1560E-01,4.0000E-04
4.160E-01,8.0000E-04
4.1640E-01,6.0000E-04
4.1680E-01,8.0000E-04
4.1720E-01,6.0000E-04
4.1760E-01,8.0000E-04
4.180E-01,6.0000E-04
4.1840E-01,4.0000E-04
4.1880E-01,4.0000E-04
4.1920E-01,4.0000E-04
4.1960E-01,4.0000E-04
4.20E-01,4.0000E-04
4.2040E-01,-2.0000E-04
4.2080E-01,8.0000E-04
4.2120E-01,8.0000E-04
4.2160E-01,6.0000E-04
4.220E-01,4.0000E-04
4.2240E-01,4.0000E-04
4.2280E-01,4.0000E-04
4.2320E-01,2.0000E-04
4.2360E-01,4.0000E-04
4.240E-01,0E+00
4.2440E-01,0E+00
4.2480E-01,2.0000E-04
4.2520E-01,4.0000E-04
4.2560E-01,0E+00
4.260E-01,4.0000E-04
4.2640E-01,4.0000E-04
4.2680E-01,4.0000E-04
4.2720E-01,4.0000E-04
4.2760E-01,4.0000E-04
4.280E-01,4.0000E-04
4.2840E-01,8.0000E-04
4.2880E-01,4.0000E-04
4.2920E-01,0E+00
4.2960E-01,6.0000E-04
4.30E-01,2.0000E-04
4.3040E-01,8.0000E-04
4.3080E-01,2.0000E-04
4.3120E-01,6.0000E-04
4.3160E-01,4.0000E-04
4.320E-01,4.0000E-04
4.3240E-01,4.0000E-04
4.3280E-01,4.0000E-04
4.3320E-01,2.0000E-04
4.3360E-01,0E+00
4.340E-01,6.0000E-04
4.3440E-01,4.0000E-04
4.3480E-01,4.0000E-04
4.3520E-01,4.0000E-04
4.3560E-01,6.0000E-04
4.360E-01,4.0000E-04
4.3640E-01,2.0000E-04
4.3680E-01,6.0000E-04
4.3720E-01,4.0000E-04
4.3760E-01,6.0000E-04
4.380E-01,6.0000E-04
4.3840E-01,4.0000E-04
4.3880E-01,0E+00
4.3920E-01,6.0000E-04
4.3960E-01,4.0000E-04
4.40E-01,0E+00
4.4040E-01,2.0000E-04
4.4080E-01,2.0000E-04
4.4120E-01,6.0000E-04
4.4160E-01,4.0000E-04
4.420E-01,0E+00
4.4240E-01,0E+00
4.4280E-01,4.0000E-04
4.4320E-01,4.0000E-04
4.4360E-01,4.0000E-04
4.440E-01,4.0000E-04
4.4440E-01,4.0000E-04
4.4480E-01,0E+00
4.4520E-01,4.0000E-04
4.4560E-01,1.000E-03
4.460E-01,4.0000E-04
4.4640E-01,6.0000E-04
4.4680E-01,0E+00
4.4720E-01,4.0000E-04
4.4760E-01,6.0000E-04
4.480E-01,4.0000E-04
4.4840E-01,4.0000E-04
4.4880E-01,2.0000E-04
4.4920E-01,0E+00
4.4960E-01,0E+00
4.50E-01,8.0000E-04
4.5040E-01,2.0000E-04
4.5080E-01,0E+00
4.5120E-01,4.0000E-04
4.5160E-01,2.0000E-04
4.520E-01,0E+00
4.5240E-01,4.0000E-04
4.5280E-01,6.0000E-04
4.5320E-01,6.0000E-04
4.5360E-01,4.0000E-04
4.540E-01,2.0000E-04
4.5440E-01,2.0000E-04
4.5480E-01,8.0000E-04
4.5520E-01,2.0000E-04
4.5560E-01,2.0000E-04
4.560E-01,4.0000E-04
4.5640E-01,2.0000E-04
4.5680E-01,6.0000E-04
4.5720E-01,2.0000E-04
4.5760E-01,6.0000E-04
4.580E-01,6.0000E-04
4.5840E-01,8.0000E-04
4.5880E-01,4.0000E-04
4.5920E-01,4.0000E-04
4.5960E-01,4.0000E-04
4.60E-01,2.0000E-04
4.6040E-01,4.0000E-04
4.6080E-01,4.0000E-04
4.6120E-01,4.0000E-04
4.6160E-01,4.0000E-04
4.620E-01,2.0000E-04
4.6240E-01,4.0000E-04
4.6280E-01,4.0000E-04
4.6320E-01,6.0000E-04
4.6360E-01,4.0000E-04
4.640E-01,4.0000E-04
4.6440E-01,-2.0000E-04
4.6480E-01,4.0000E-04
4.6520E-01,4.0000E-04
4.6560E-01,1.000E-03
4.660E-01,8.0000E-04
4.6640E-01,-2.0000E-04
4.6680E-01,4.0000E-04
4.6720E-01,2.0000E-04
4.6760E-01,1.000E-03
4.680E-01,1.000E-03
4.6840E-01,8.0000E-04
4.6880E-01,2.0000E-04
4.6920E-01,0E+00
4.6960E-01,8.0000E-04
4.70E-01,2.0000E-04
4.7040E-01,2.0000E-04
4.7080E-01,2.0000E-04
4.7120E-01,0E+00
4.7160E-01,2.0000E-04
4.720E-01,4.0000E-04
4.7240E-01,0E+00
4.7280E-01,4.0000E-04
4.7320E-01,4.0000E-04
4.7360E-01,2.0000E-04
4.740E-01,0E+00
4.7440E-01,4.0000E-04
4.7480E-01,4.0000E-04
4.7520E-01,4.0000E-04
4.7560E-01,4.0000E-04
4.760E-01,2.0000E-04
4.7640E-01,6.0000E-04
4.7680E-01,0E+00
4.7720E-01,2.0000E-04
4.7760E-01,2.0000E-04
4.780E-01,6.0000E-04
4.7840E-01,6.0000E-04
4.7880E-01,2.0000E-04
4.7920E-01,4.0000E-04
4.7960E-01,6.0000E-04
4.80E-01,2.0000E-04
4.8040E-01,2.0000E-04
4.8080E-01,2.0000E-04
4.8120E-01,4.0000E-04
4.8160E-01,6.0000E-04
4.820E-01,0E+00
4.8240E-01,4.0000E-04
4.8280E-01,2.0000E-04
4.8320E-01,4.0000E-04
4.8360E-01,8.0000E-04
4.840E-01,0E+00
4.8440E-01,8.0000E-04
4.8480E-01,2.0000E-04
4.8520E-01,8.0000E-04
4.8560E-01,1.000E-03
4.860E-01,0E+00
4.8640E-01,4.0000E-04
4.8680E-01,8.0000E-04
4.8720E-01,8.0000E-04
4.8760E-01,8.0000E-04
4.880E-01,4.0000E-04
4.8840E-01,2.0000E-04
4.8880E-01,0E+00
4.8920E-01,8.0000E-04
4.8960E-01,6.0000E-04
4.90E-01,0E+00
4.9040E-01,6.0000E-04
4.9080E-01,6.0000E-04
4.9120E-01,4.0000E-04
4.9160E-01,0E+00
4.920E-01,2.0000E-04
4.9240E-01,2.0000E-04
4.9280E-01,0E+00
4.9320E-01,4.0000E-04
4.9360E-01,6.0000E-04
4.940E-01,-1.000E-03
4.9440E-01,2.0000E-04
4.9480E-01,6.0000E-04
4.9520E-01,4.0000E-04
4.9560E-01,4.0000E-04
4.960E-01,-2.0000E-04
4.9640E-01,6.0000E-04
4.9680E-01,8.0000E-04
4.9720E-01,4.0000E-04
4.9760E-01,8.0000E-04
4.980E-01,6.0000E-04
4.9840E-01,4.0000E-04
4.9880E-01,8.0000E-04
4.9920E-01,6.0000E-04
4.9960E-01,2.0000E-04
5.0E-01,0E+00
5.0040E-01,4.0000E-04
5.0080E-01,4.0000E-04
5.0120E-01,4.0000E-04
5.0160E-01,4.0000E-04
5.020E-01,2.0000E-04
5.0240E-01,4.0000E-04
5.0280E-01,6.0000E-04
5.0320E-01,4.0000E-04
5.0360E-01,4.0000E-04
5.040E-01,4.0000E-04
5.0440E-01,1.000E-03
5.0480E-01,4.0000E-04
5.0520E-01,4.0000E-04
5.0560E-01,4.0000E-04
5.060E-01,4.0000E-04
5.0640E-01,2.0000E-04
5.0680E-01,2.0000E-04
5.0720E-01,8.0000E-04
5.0760E-01,6.0000E-04
5.080E-01,6.0000E-04
5.0840E-01,4.0000E-04
5.0880E-01,0E+00
5.0920E-01,6.0000E-04
5.0960E-01,2.0000E-04
5.10E-01,0E+00
5.1040E-01,2.0000E-04
5.1080E-01,4.0000E-04
5.1120E-01,4.0000E-04
5.1160E-01,4.0000E-04
5.120E-01,4.0000E-04
5.1240E-01,8.0000E-04
5.1280E-01,6.0000E-04
5.1320E-01,6.0000E-04
5.1360E-01,4.0000E-04
5.140E-01,0E+00
5.1440E-01,0E+00
5.1480E-01,4.0000E-04
5.1520E-01,0E+00
5.1560E-01,6.0000E-04
5.160E-01,6.0000E-04
5.1640E-01,2.8000E-03
5.1680E-01,0E+00
5.1720E-01,2.0000E-04
5.1760E-01,4.0000E-04
5.180E-01,4.0000E-04
5.1840E-01,8.0000E-04
5.1880E-01,4.0000E-04
5.1920E-01,4.0000E-04
5.1960E-01,-2.0000E-04
5.20E-01,-2.0000E-04
5.2040E-01,4.0000E-04
5.2080E-01,0E+00
5.2120E-01,2.0000E-04
5.2160E-01,4.0000E-04
5.220E-01,2.0000E-04
5.2240E-01,6.0000E-04
5.2280E-01,4.0000E-04
5.2320E-01,2.0000E-04
5.2360E-01,6.0000E-04
5.240E-01,6.0000E-04
5.2440E-01,4.0000E-04
5.2480E-01,2.0000E-04
5.2520E-01,0E+00
5.2560E-01,2.0000E-04
5.260E-01,8.0000E-04
5.2640E-01,-2.0000E-04
5.2680E-01,6.0000E-04
5.2720E-01,8.0000E-04
5.2760E-01,6.0000E-04
5.280E-01,4.0000E-04
5.2840E-01,0E+00
5.2880E-01,4.0000E-04
5.2920E-01,6.0000E-04
5.2960E-01,2.0000E-04
5.30E-01,4.0000E-04
5.3040E-01,0E+00
5.3080E-01,4.0000E-04
5.3120E-01,4.0000E-04
5.3160E-01,4.0000E-04
5.320E-01,-2.0000E-04
5.3240E-01,4.0000E-04
5.3280E-01,4.0000E-04
5.3320E-01,0E+00
5.3360E-01,4.0000E-04
5.340E-01,2.0000E-04
5.3440E-01,4.0000E-04
5.3480E-01,2.0000E-04
5.3520E-01,6.0000E-04
5.3560E-01,6.0000E-04
5.360E-01,4.0000E-04
5.3640E-01,8.0000E-04
5.3680E-01,4.0000E-04
5.3720E-01,4.0000E-04
5.3760E-01,0E+00
5.380E-01,4.0000E-04
5.3840E-01,4.0000E-04
5.3880E-01,6.0000E-04
5.3920E-01,4.0000E-04
5.3960E-01,8.0000E-04
5.40E-01,4.0000E-04
5.4040E-01,6.0000E-04
5.4080E-01,6.0000E-04
5.4120E-01,2.0000E-04
5.4160E-01,2.0000E-04
5.420E-01,4.0000E-04
5.4240E-01,4.0000E-04
5.4280E-01,4.0000E-04
5.4320E-01,4.0000E-04
5.4360E-01,6.0000E-04
5.440E-01,6.0000E-04
5.4440E-01,4.0000E-04
5.4480E-01,1.000E-03
5.4520E-01,4.0000E-04
5.4560E-01,6.0000E-04
5.460E-01,4.0000E-04
5.4640E-01,4.0000E-04
5.4680E-01,8.0000E-04
5.4720E-01,8.0000E-04
5.4760E-01,2.0000E-04
5.480E-01,2.0000E-04
5.4840E-01,0E+00
5.4880E-01,4.0000E-04
5.4920E-01,2.0000E-04
5.4960E-01,4.0000E-04
5.50E-01,4.0000E-04
5.5040E-01,0E+00
5.5080E-01,6.0000E-04
5.5120E-01,4.0000E-04
5.5160E-01,6.0000E-04
5.520E-01,1.2000E-03
5.5240E-01,4.0000E-04
5.5280E-01,4.0000E-04
5.5320E-01,6.0000E-04
5.5360E-01,4.0000E-04
5.540E-01,0E+00
5.5440E-01,6.0000E-04
5.5480E-01,0E+00
5.5520E-01,8.0000E-04
5.5560E-01,2.0000E-04
5.560E-01,6.0000E-04
5.5640E-01,2.0000E-04
5.5680E-01,4.0000E-04
5.5720E-01,4.0000E-04
5.5760E-01,6.0000E-04
5.580E-01,2.0000E-04
5.5840E-01,2.0000E-04
5.5880E-01,6.0000E-04
5.5920E-01,2.0000E-04
5.5960E-01,2.0000E-04
5.60E-01,4.0000E-04
5.6040E-01,8.0000E-04
5.6080E-01,8.0000E-04
5.6120E-01,2.0000E-04
5.6160E-01,4.0000E-04
5.620E-01,4.0000E-04
5.6240E-01,4.0000E-04
5.6280E-01,2.0000E-04
5.6320E-01,6.0000E-04
5.6360E-01,4.0000E-04
5.640E-01,4.0000E-04
5.6440E-01,-2.0000E-04
5.6480E-01,6.0000E-04
5.6520E-01,0E+00
5.6560E-01,2.0000E-04
5.660E-01,4.0000E-04
5.6640E-01,4.0000E-04
5.6680E-01,-8.0000E-04
5.6720E-01,6.0000E-04
5.6760E-01,2.0000E-04
5.680E-01,0E+00
5.6840E-01,6.0000E-04
5.6880E-01,4.0000E-04
5.6920E-01,4.0000E-04
5.6960E-01,0E+00
5.70E-01,0E+00
5.7040E-01,2.0000E-04
5.7080E-01,2.0000E-04
5.7120E-01,4.0000E-04
5.7160E-01,0E+00
5.720E-01,4.0000E-04
5.7240E-01,4.0000E-04
5.7280E-01,6.0000E-04
5.7320E-01,4.0000E-04
5.7360E-01,0E+00
5.740E-01,2.0000E-04
5.7440E-01,4.0000E-04
5.7480E-01,4.0000E-04
5.7520E-01,0E+00
5.7560E-01,0E+00
5.760E-01,4.0000E-04
5.7640E-01,2.0000E-04
5.7680E-01,6.0000E-04
5.7720E-01,8.0000E-04
5.7760E-01,4.0000E-04
5.780E-01,4.0000E-04
5.7840E-01,6.0000E-04
5.7880E-01,-2.0000E-04
5.7920E-01,8.0000E-04
5.7960E-01,2.0000E-04
5.80E-01,8.0000E-04
5.8040E-01,8.0000E-04
5.8080E-01,4.0000E-04
5.8120E-01,4.0000E-04
5.8160E-01,4.0000E-04
5.820E-01,6.0000E-04
5.8240E-01,4.0000E-04
5.8280E-01,1.000E-03
5.8320E-01,2.0000E-04
5.8360E-01,0E+00
5.840E-01,4.0000E-04
5.8440E-01,0E+00
5.8480E-01,4.0000E-04
5.8520E-01,4.0000E-04
5.8560E-01,2.0000E-04
5.860E-01,4.0000E-04
5.8640E-01,8.0000E-04
5.8680E-01,2.0000E-04
5.8720E-01,8.0000E-04
5.8760E-01,2.0000E-04
5.880E-01,4.0000E-04
5.8840E-01,4.0000E-04
5.8880E-01,4.0000E-04
5.8920E-01,0E+00
5.8960E-01,4.0000E-04
5.90E-01,4.0000E-04
5.9040E-01,2.0000E-04
5.9080E-01,6.0000E-04
5.9120E-01,6.0000E-04
5.9160E-01,8.0000E-04
5.920E-01,-2.0000E-04
5.9240E-01,4.0000E-04
5.9280E-01,2.0000E-04
5.9320E-01,6.0000E-04
5.9360E-01,0E+00
5.940E-01,0E+00
5.9440E-01,4.0000E-04
5.9480E-01,6.0000E-04
5.9520E-01,4.0000E-04
5.9560E-01,1.2000E-03
5.960E-01,4.0000E-04
5.9640E-01,4.0000E-04
5.9680E-01,0E+00
5.9720E-01,6.0000E-04
5.9760E-01,2.0000E-04
5.980E-01,4.0000E-04
5.9840E-01,4.0000E-04
5.9880E-01,4.0000E-04
5.9920E-01,0E+00
5.9960E-01,6.0000E-04
6.0E-01,4.0000E-04
6.0040E-01,2.0000E-04
6.0080E-01,6.0000E-04
6.0120E-01,6.0000E-04
6.0160E-01,6.0000E-04
6.020E-01,4.0000E-04
6.0240E-01,2.0000E-04
6.0280E-01,4.0000E-04
6.0320E-01,6.0000E-04
6.0360E-01,6.0000E-04
6.040E-01,2.0000E-04
6.0440E-01,0E+00
6.0480E-01,4.0000E-04
6.0520E-01,6.0000E-04
6.0560E-01,4.0000E-04
6.060E-01,8.0000E-04
6.0640E-01,4.0000E-04
6.0680E-01,4.0000E-04
6.0720E-01,6.0000E-04
6.0760E-01,4.0000E-04
6.080E-01,8.0000E-04
6.0840E-01,4.0000E-04
6.0880E-01,-2.0000E-04
6.0920E-01,4.0000E-04
6.0960E-01,2.0000E-04
6.10E-01,6.0000E-04
6.1040E-01,2.0000E-04
6.1080E-01,4.0000E-04
6.1120E-01,4.0000E-04
6.1160E-01,0E+00
6.120E-01,6.0000E-04
6.1240E-01,6.0000E-04
6.1280E-01,4.0000E-04
6.1320E-01,2.0000E-04
6.1360E-01,2.0000E-04
6.140E-01,4.0000E-04
6.1440E-01,8.0000E-04
6.1480E-01,2.0000E-04
6.1520E-01,4.0000E-04
6.1560E-01,4.0000E-04
6.160E-01,4.0000E-04
6.1640E-01,2.0000E-04
6.1680E-01,0E+00
6.1720E-01,4.0000E-04
6.1760E-01,4.0000E-04
6.180E-01,4.0000E-04
6.1840E-01,0E+00
6.1880E-01,2.0000E-04
6.1920E-01,2.0000E-04
6.1960E-01,-2.0000E-04
6.20E-01,2.0000E-04
6.2040E-01,0E+00
6.2080E-01,4.0000E-04
6.2120E-01,8.0000E-04
6.2160E-01,8.0000E-04
6.220E-01,4.0000E-04
6.2240E-01,6.0000E-04
6.2280E-01,6.0000E-04
6.2320E-01,6.0000E-04
6.2360E-01,6.0000E-04
6.240E-01,1.000E-03
6.2440E-01,4.0000E-04
6.2480E-01,2.0000E-04
6.2520E-01,4.0000E-04
6.2560E-01,2.0000E-04
6.260E-01,0E+00
6.2640E-01,8.0000E-04
6.2680E-01,6.0000E-04
6.2720E-01,-2.0000E-04
6.2760E-01,2.0000E-04
6.280E-01,8.0000E-04
6.2840E-01,4.0000E-04
6.2880E-01,1.000E-03
6.2920E-01,4.0000E-04
6.2960E-01,4.0000E-04
6.30E-01,6.0000E-04
6.3040E-01,6.0000E-04
6.3080E-01,0E+00
6.3120E-01,4.0000E-04
6.3160E-01,0E+00
6.320E-01,6.0000E-04
6.3240E-01,4.0000E-04
6.3280E-01,8.0000E-04
6.3320E-01,4.0000E-04
6.3360E-01,8.0000E-04
6.340E-01,0E+00
6.3440E-01,8.0000E-04
6.3480E-01,1.000E-03
6.3520E-01,2.0000E-04
6.3560E-01,2.0000E-04
6.360E-01,1.2000E-03
6.3640E-01,0E+00
6.3680E-01,1.000E-03
6.3720E-01,0E+00
6.3760E-01,2.0000E-04
6.380E-01,6.0000E-04
6.3840E-01,4.0000E-04
6.3880E-01,2.0000E-04
6.3920E-01,4.0000E-04
6.3960E-01,0E+00
6.40E-01,4.0000E-04
6.4040E-01,4.0000E-04
6.4080E-01,4.0000E-04
6.4120E-01,4.0000E-04
6.4160E-01,4.0000E-04
6.420E-01,6.0000E-04
6.4240E-01,2.0000E-04
6.4280E-01,4.0000E-04
6.4320E-01,2.0000E-04
6.4360E-01,4.0000E-04
6.440E-01,4.0000E-04
6.4440E-01,6.0000E-04
6.4480E-01,4.0000E-04
6.4520E-01,4.0000E-04
6.4560E-01,4.0000E-04
6.460E-01,8.0000E-04
6.4640E-01,-4.0000E-04
6.4680E-01,0E+00
6.4720E-01,6.0000E-04
6.4760E-01,4.0000E-04
6.480E-01,8.0000E-04
6.4840E-01,0E+00
6.4880E-01,2.0000E-04
6.4920E-01,-4.0000E-04
6.4960E-01,4.0000E-04
6.50E-01,2.0000E-04
6.5040E-01,8.0000E-04
6.5080E-01,0E+00
6.5120E-01,4.0000E-04
6.5160E-01,1.2000E-03
6.520E-01,2.0000E-04
6.5240E-01,2.0000E-04
6.5280E-01,8.0000E-04
6.5320E-01,6.0000E-04
6.5360E-01,8.0000E-04
6.540E-01,8.0000E-04
6.5440E-01,0E+00
6.5480E-01,4.0000E-04
6.5520E-01,8.0000E-04
6.5560E-01,4.0000E-04
6.560E-01,8.0000E-04
6.5640E-01,8.0000E-04
6.5680E-01,6.0000E-04
6.5720E-01,1.000E-03
6.5760E-01,2.0000E-04
6.580E-01,8.0000E-04
6.5840E-01,4.0000E-04
6.5880E-01,0E+00
6.5920E-01,0E+00
6.5960E-01,4.0000E-04
6.60E-01,-2.0000E-04
6.6040E-01,4.0000E-04
6.6080E-01,4.0000E-04
6.6120E-01,6.0000E-04
6.6160E-01,8.0000E-04
6.620E-01,4.0000E-04
6.6240E-01,2.0000E-04
6.6280E-01,4.0000E-04
6.6320E-01,4.0000E-04
6.6360E-01,2.000E-03
6.640E-01,4.0000E-04
6.6440E-01,4.0000E-04
6.6480E-01,0E+00
6.6520E-01,6.0000E-04
6.6560E-01,4.0000E-04
6.660E-01,6.0000E-04
6.6640E-01,4.0000E-04
6.6680E-01,2.0000E-04
6.6720E-01,8.0000E-04
6.6760E-01,6.0000E-04
6.680E-01,2.0000E-04
6.6840E-01,8.0000E-04
6.6880E-01,0E+00
6.6920E-01,4.0000E-04
6.6960E-01,4.0000E-04
6.70E-01,4.0000E-04
6.7040E-01,4.0000E-04
6.7080E-01,2.0000E-04
6.7120E-01,4.0000E-04
6.7160E-01,4.0000E-04
6.720E-01,-2.0000E-04
6.7240E-01,6.0000E-04
6.7280E-01,4.0000E-04
6.7320E-01,6.0000E-04
6.7360E-01,6.0000E-04
6.740E-01,-6.0000E-04
6.7440E-01,4.0000E-04
6.7480E-01,8.0000E-04
6.7520E-01,8.0000E-04
6.7560E-01,2.0000E-04
6.760E-01,2.0000E-04
6.7640E-01,4.0000E-04
6.7680E-01,6.0000E-04
6.7720E-01,0E+00
6.7760E-01,4.0000E-04
6.780E-01,2.0000E-04
6.7840E-01,0E+00
6.7880E-01,4.0000E-04
6.7920E-01,4.0000E-04
6.7960E-01,2.0000E-04
6.80E-01,6.0000E-04
6.8040E-01,6.0000E-04
6.8080E-01,0E+00
6.8120E-01,4.0000E-04
6.8160E-01,8.0000E-04
6.820E-01,0E+00
6.8240E-01,6.0000E-04
6.8280E-01,0E+00
6.8320E-01,4.0000E-04
6.8360E-01,8.0000E-04
6.840E-01,4.0000E-04
6.8440E-01,0E+00
6.8480E-01,2.0000E-04
6.8520E-01,8.0000E-04
6.8560E-01,4.0000E-04
6.860E-01,8.0000E-04
6.8640E-01,8.0000E-04
6.8680E-01,0E+00
6.8720E-01,2.0000E-04
6.8760E-01,8.0000E-04
6.880E-01,4.0000E-04
6.8840E-01,4.0000E-04
6.8880E-01,6.0000E-04
6.8920E-01,4.0000E-04
6.8960E-01,2.0000E-04
6.90E-01,0E+00
6.9040E-01,8.0000E-04
6.9080E-01,6.0000E-04
6.9120E-01,6.0000E-04
6.9160E-01,0E+00
6.920E-01,4.0000E-04
6.9240E-01,0E+00
6.9280E-01,6.0000E-04
6.9320E-01,2.0000E-04
6.9360E-01,4.0000E-04
6.940E-01,2.0000E-04
6.9440E-01,4.0000E-04
6.9480E-01,4.0000E-04
6.9520E-01,4.0000E-04
6.9560E-01,0E+00
6.960E-01,4.0000E-04
6.9640E-01,8.0000E-04
6.9680E-01,4.0000E-04
6.9720E-01,4.0000E-04
6.9760E-01,4.0000E-04
6.980E-01,4.0000E-04
6.9840E-01,2.0000E-04
6.9880E-01,4.0000E-04
6.9920E-01,0E+00
6.9960E-01,0E+00
7.0E-01,8.0000E-04
7.0040E-01,6.0000E-04
7.0080E-01,1.000E-03
7.0120E-01,-2.0000E-04
7.0160E-01,6.0000E-04
7.020E-01,8.0000E-04
7.0240E-01,4.0000E-04
7.0280E-01,6.0000E-04
7.0320E-01,1.2000E-03
7.0360E-01,4.0000E-04
7.040E-01,8.0000E-04
7.0440E-01,6.0000E-04
7.0480E-01,4.0000E-04
7.0520E-01,6.0000E-04
7.0560E-01,2.0000E-04
7.060E-01,6.0000E-04
7.0640E-01,8.0000E-04
7.0680E-01,6.0000E-04
7.0720E-01,2.0000E-04
7.0760E-01,-6.0000E-04
7.080E-01,4.0000E-04
7.0840E-01,0E+00
7.0880E-01,2.0000E-04
7.0920E-01,4.0000E-04
7.0960E-01,4.0000E-04
7.10E-01,0E+00
7.1040E-01,4.0000E-04
7.1080E-01,2.0000E-04
7.1120E-01,8.0000E-04
7.1160E-01,8.0000E-04
7.120E-01,4.0000E-04
7.1240E-01,6.0000E-04
7.1280E-01,2.0000E-04
7.1320E-01,1.000E-03
7.1360E-01,4.0000E-04
7.140E-01,2.0000E-04
7.1440E-01,6.0000E-04
7.1480E-01,0E+00
7.1520E-01,6.0000E-04
7.1560E-01,2.0000E-04
7.160E-01,4.0000E-04
7.1640E-01,-6.0000E-04
7.1680E-01,2.0000E-04
7.1720E-01,0E+00
7.1760E-01,4.0000E-04
7.180E-01,-1.000E-03
7.1840E-01,2.0000E-04
7.1880E-01,4.0000E-04
7.1920E-01,-6.0000E-04
7.1960E-01,6.0000E-04
7.20E-01,2.0000E-04
7.2040E-01,0E+00
7.2080E-01,4.0000E-04
7.2120E-01,6.0000E-04
7.2160E-01,4.0000E-04
7.220E-01,2.0000E-04
7.2240E-01,4.0000E-04
7.2280E-01,4.0000E-04
7.2320E-01,1.000E-03
7.2360E-01,2.0000E-04
7.240E-01,8.0000E-04
7.2440E-01,0E+00
7.2480E-01,4.0000E-04
7.2520E-01,2.0000E-04
7.2560E-01,0E+00
7.260E-01,6.0000E-04
7.2640E-01,0E+00
7.2680E-01,0E+00
7.2720E-01,6.0000E-04
7.2760E-01,6.0000E-04
7.280E-01,4.0000E-04
7.2840E-01,2.0000E-04
7.2880E-01,2.0000E-04
7.2920E-01,8.0000E-04
7.2960E-01,1.000E-03
7.30E-01,0E+00
7.3040E-01,8.0000E-04
7.3080E-01,0E+00
7.3120E-01,4.0000E-04
7.3160E-01,2.0000E-04
7.320E-01,2.0000E-04
7.3240E-01,2.0000E-04
7.3280E-01,-6.0000E-04
7.3320E-01,4.0000E-04
7.3360E-01,8.0000E-04
7.340E-01,2.0000E-04
7.3440E-01,4.0000E-04
7.3480E-01,0E+00
7.3520E-01,2.0000E-04
7.3560E-01,2.0000E-04
7.360E-01,6.0000E-04
7.3640E-01,0E+00
7.3680E-01,2.0000E-04
7.3720E-01,2.0000E-04
7.3760E-01,0E+00
7.380E-01,2.0000E-04
7.3840E-01,6.0000E-04
7.3880E-01,2.0000E-04
7.3920E-01,2.0000E-04
7.3960E-01,4.0000E-04
7.40E-01,4.0000E-04
7.4040E-01,4.0000E-04
7.4080E-01,6.0000E-04
7.4120E-01,4.0000E-04
7.4160E-01,4.0000E-04
7.420E-01,4.0000E-04
7.4240E-01,8.0000E-04
7.4280E-01,2.0000E-04
7.4320E-01,4.0000E-04
7.4360E-01,6.0000E-04
7.440E-01,6.0000E-04
7.4440E-01,8.0000E-04
7.4480E-01,4.0000E-04
7.4520E-01,2.0000E-04
7.4560E-01,2.0000E-04
7.460E-01,4.0000E-04
7.4640E-01,4.0000E-04
7.4680E-01,2.0000E-04
7.4720E-01,2.0000E-04
7.4760E-01,0E+00
7.480E-01,0E+00
7.4840E-01,4.0000E-04
7.4880E-01,2.0000E-04
7.4920E-01,4.0000E-04
7.4960E-01,6.0000E-04
7.50E-01,0E+00
7.5040E-01,4.0000E-04
7.5080E-01,2.000E-03
7.5120E-01,4.0000E-04
7.5160E-01,8.0000E-04
7.520E-01,8.0000E-04
7.5240E-01,0E+00
7.5280E-01,0E+00
7.5320E-01,4.0000E-04
7.5360E-01,4.0000E-04
7.540E-01,0E+00
7.5440E-01,1.000E-03
7.5480E-01,6.0000E-04
7.5520E-01,4.0000E-04
7.5560E-01,4.0000E-04
7.560E-01,2.0000E-04
7.5640E-01,4.0000E-04
7.5680E-01,6.0000E-04
7.5720E-01,4.0000E-04
7.5760E-01,2.0000E-04
7.580E-01,4.0000E-04
7.5840E-01,6.0000E-04
7.5880E-01,4.0000E-04
7.5920E-01,6.0000E-04
7.5960E-01,0E+00
7.60E-01,4.0000E-04
7.6040E-01,6.0000E-04
7.6080E-01,8.0000E-04
7.6120E-01,2.0000E-04
7.6160E-01,4.0000E-04
7.620E-01,8.0000E-04
7.6240E-01,6.0000E-04
7.6280E-01,6.0000E-04
7.6320E-01,2.0000E-04
7.6360E-01,4.0000E-04
7.640E-01,2.0000E-04
7.6440E-01,0E+00
7.6480E-01,4.0000E-04
7.6520E-01,4.0000E-04
7.6560E-01,4.0000E-04
7.660E-01,6.0000E-04
7.6640E-01,4.0000E-04
7.6680E-01,0E+00
7.6720E-01,4.0000E-04
7.6760E-01,2.0000E-04
7.680E-01,4.0000E-04
7.6840E-01,6.0000E-04
7.6880E-01,-2.0000E-04
7.6920E-01,4.0000E-04
7.6960E-01,4.0000E-04
7.70E-01,8.0000E-04
7.7040E-01,4.0000E-04
7.7080E-01,6.0000E-04
7.7120E-01,6.0000E-04
7.7160E-01,6.0000E-04
7.720E-01,2.0000E-04
7.7240E-01,2.0000E-04
7.7280E-01,2.0000E-04
7.7320E-01,4.0000E-04
7.7360E-01,4.0000E-04
7.740E-01,0E+00
7.7440E-01,-2.0000E-04
7.7480E-01,0E+00
7.7520E-01,2.0000E-04
7.7560E-01,2.0000E-04
7.760E-01,8.0000E-04
7.7640E-01,4.0000E-04
7.7680E-01,4.0000E-04
7.7720E-01,4.0000E-04
7.7760E-01,4.0000E-04
7.780E-01,0E+00
7.7840E-01,6.0000E-04
7.7880E-01,2.0000E-04
7.7920E-01,-4.0000E-04
7.7960E-01,4.0000E-04
7.80E-01,4.0000E-04
7.8040E-01,2.0000E-04
7.8080E-01,4.0000E-04
7.8120E-01,6.0000E-04
7.8160E-01,4.0000E-04
7.820E-01,6.0000E-04
7.8240E-01,6.0000E-04
7.8280E-01,6.0000E-04
7.8320E-01,-2.0000E-04
7.8360E-01,0E+00
7.840E-01,-2.0000E-04
7.8440E-01,0E+00
7.8480E-01,2.0000E-04
7.8520E-01,0E+00
7.8560E-01,0E+00
7.860E-01,4.0000E-04
7.8640E-01,4.0000E-04
7.8680E-01,2.0000E-04
7.8720E-01,6.0000E-04
7.8760E-01,1.000E-03
7.880E-01,4.0000E-04
7.8840E-01,4.0000E-04
7.8880E-01,2.0000E-04
7.8920E-01,2.0000E-04
7.8960E-01,4.0000E-04
7.90E-01,0E+00
7.9040E-01,0E+00
7.9080E-01,6.0000E-04
7.9120E-01,6.0000E-04
7.9160E-01,6.0000E-04
7.920E-01,8.0000E-04
7.9240E-01,6.0000E-04
7.9280E-01,4.0000E-04
7.9320E-01,8.0000E-04
7.9360E-01,2.0000E-04
7.940E-01,2.0000E-04
7.9440E-01,2.0000E-04
7.9480E-01,0E+00
7.9520E-01,6.0000E-04
7.9560E-01,0E+00
7.960E-01,2.0000E-04
7.9640E-01,2.0000E-04
7.9680E-01,1.2000E-03
7.9720E-01,8.0000E-04
7.9760E-01,0E+00
7.980E-01,8.0000E-04
7.9840E-01,4.0000E-04
7.9880E-01,8.0000E-04
7.9920E-01,8.0000E-04
7.9960E-01,8.0000E-04